Drug_name,Drugbank_ID,Drug_seq_name,Drug_seq,Drug_smile,Kind_interaction,Kind,Organism,Actions,Uniprot_Name,Uniprot_ID,Uniprot_target,Uniprot_Seq
Bivalirudin,DB00006,Bivalirudin sequence,FPRPGGGGNGDFEEIPEEYL,CC[C@H](C)[C@H](NC(=O)[C@H](CCC(O)=O)NC(=O)[C@H](CCC(O)=O)NC(=O)[C@H](CC1=CC=CC=C1)NC(=O)[C@H](CC(O)=O)NC(=O)CNC(=O)[C@H](CC(N)=O)NC(=O)CNC(=O)CNC(=O)CNC(=O)CNC(=O)[C@@H]1CCCN1C(=O)[C@H](CCCNC(N)=N)NC(=O)[C@@H]1CCCN1C(=O)[C@H](N)CC1=CC=CC=C1)C(=O)N1CCC[C@H]1C(=O)N[C@@H](CCC(O)=O)C(=O)N[C@@H](CCC(O)=O)C(=O)N[C@@H](CC1=CC=C(O)C=C1)C(=O)N[C@@H](CC(C)C)C(O)=O,Target,Protein,Humans,Inhibitor,F2,P00734,Homo sapiens,MAHVRGLQLPGCLALAALCSLVHSQHVFLAPQQARSLLQRVRRANTFLEEVRKGNLERECVEETCSYEEAFEALESSTATDVFWAKYTACETARTPRDKLAACLEGNCAEGLGTNYRGHVNITRSGIECQLWRSRYPHKPEINSTTHPGADLQENFCRNPDSSTTGPWCYTTDPTVRRQECSIPVCGQDQVTVAMTPRSEGSSVNLSPPLEQCVPDRGQQYQGRLAVTTHGLPCLAWASAQAKALSKHQDFNSAVQLVENFCRNPDGDEEGVWCYVAGKPGDFGYCDLNYCEEAVEEETGDGLDEDSDRAIEGRTATSEYQTFFNPRTFGSGEADCGLRPLFEKKSLEDKTERELLESYIDGRIVEGSDAEIGMSPWQVMLFRKSPQELLCGASLISDRWVLTAAHCLLYPPWDKNFTENDLLVRIGKHSRTRYERNIEKISMLEKIYIHPRYNWRENLDRDIALMKLKKPVAFSDYIHPVCLPDRETAASLLQAGYKGRVTGWGNLKETWTANVGKGQPSVLQVVNLPIVERPVCKDSTRIRITDNMFCAGYKPDEGKRGDACEGDSGGPFVMKSPFNNRWYQMGIVSWGEGCDRDGKYGFYTHVFRLKKWIQKVIDQFGE
Bivalirudin,DB00006,Bivalirudin sequence,FPRPGGGGNGDFEEIPEEYL,CC[C@H](C)[C@H](NC(=O)[C@H](CCC(O)=O)NC(=O)[C@H](CCC(O)=O)NC(=O)[C@H](CC1=CC=CC=C1)NC(=O)[C@H](CC(O)=O)NC(=O)CNC(=O)[C@H](CC(N)=O)NC(=O)CNC(=O)CNC(=O)CNC(=O)CNC(=O)[C@@H]1CCCN1C(=O)[C@H](CCCNC(N)=N)NC(=O)[C@@H]1CCCN1C(=O)[C@H](N)CC1=CC=CC=C1)C(=O)N1CCC[C@H]1C(=O)N[C@@H](CCC(O)=O)C(=O)N[C@@H](CCC(O)=O)C(=O)N[C@@H](CC1=CC=C(O)C=C1)C(=O)N[C@@H](CC(C)C)C(O)=O,Enzyme,Protein,Humans,Inhibitor,MPO,P05164,Homo sapiens,MGVPFFSSLRCMVDLGPCWAGGLTAEMKLLLALAGLLAILATPQPSEGAAPAVLGEVDTSLVLSSMEEAKQLVDKAYKERRESIKQRLRSGSASPMELLSYFKQPVAATRTAVRAADYLHVALDLLERKLRSLWRRPFNVTDVLTPAQLNVLSKSSGCAYQDVGVTCPEQDKYRTITGMCNNRRSPTLGASNRAFVRWLPAEYEDGFSLPYGWTPGVKRNGFPVALARAVSNEIVRFPTDQLTPDQERSLMFMQWGQLLDHDLDFTPEPAARASFVTGVNCETSCVQQPPCFPLKIPPNDPRIKNQADCIPFFRSCPACPGSNITIRNQINALTSFVDASMVYGSEEPLARNLRNMSNQLGLLAVNQRFQDNGRALLPFDNLHDDPCLLTNRSARIPCFLAGDTRSSEMPELTSMHTLLLREHNRLATELKSLNPRWDGERLYQEARKIVGAMVQIITYRDYLPLVLGPTAMRKYLPTYRSYNDSVDPRIANVFTNAFRYGHTLIQPFMFRLDNRYQPMEPNPRVPLSRVFFASWRVVLEGGIDPILRGLMATPAKLNRQNQIAVDEIRERLFEQVMRIGLDLPALNMQRSRDHGLPGYNAWRRFCGLPQPETVGQLGTVLRNLKLARKLMEQYGTPNNIDIWMGGVSEPLKRKGRVGPLLACIIGTQFRKLRDGDRFWWENEGVFSMQQRQALAQISLPRIICDNTGITTVSKNNIFMSNSYPRDFVNCSTLPALNLASWREAS
Leuprolide,DB00007,Leuprolide,PHWSYLLR,CCNC(=O)[C@@H]1CCCN1C(=O)[C@H](CCCNC(N)=N)NC(=O)[C@H](CC(C)C)NC(=O)[C@@H](CC(C)C)NC(=O)[C@H](CC1=CC=C(O)C=C1)NC(=O)[C@H](CO)NC(=O)[C@H](CC1=CNC2=C1C=CC=C2)NC(=O)[C@H](CC1=CNC=N1)NC(=O)[C@@H]1CCC(=O)N1,Target,Protein,Humans,Agonist,GNRHR,P30968,Homo sapiens,MANSASPEQNQNHCSAINNSIPLMQGNLPTLTLSGKIRVTVTFFLFLLSATFNASFLLKLQKWTQKKEKGKKLSRMKLLLKHLTLANLLETLIVMPLDGMWNITVQWYAGELLCKVLSYLKLFSMYAPAFMMVVISLDRSLAITRPLALKSNSKVGQSMVGLAWILSSVFAGPQLYIFRMIHLADSSGQTKVFSQCVTHCSFSQWWHQAFYNFFTFSCLFIIPLFIMLICNAKIIFTLTRVLHQDPHELQLNQSKNNIPRARLKTLKMTVAFATSFTVCWTPYYVLGIWYWFDPEMLNRLSDPVNHFFFLFAFLNPCFDPLIYGYFSL
Goserelin,DB00014,,,CC(C)C[C@H](NC(=O)[C@@H](COC(C)(C)C)NC(=O)[C@H](CC1=CC=C(O)C=C1)NC(=O)[C@H](CO)NC(=O)[C@H](CC1=CNC2=CC=CC=C12)NC(=O)[C@H](CC1=CN=CN1)NC(=O)[C@@H]1CCC(=O)N1)C(=O)N[C@@H](CCCN=C(N)N)C(=O)N1CCC[C@H]1C(=O)NNC(N)=O,Target,Protein,Humans,Agonist,LHCGR,P22888,Homo sapiens,MKQRFSALQLLKLLLLLQPPLPRALREALCPEPCNCVPDGALRCPGPTAGLTRLSLAYLPVKVIPSQAFRGLNEVIKIEISQIDSLERIEANAFDNLLNLSEILIQNTKNLRYIEPGAFINLPRLKYLSICNTGIRKFPDVTKVFSSESNFILEICDNLHITTIPGNAFQGMNNESVTLKLYGNGFEEVQSHAFNGTTLTSLELKENVHLEKMHNGAFRGATGPKTLDISSTKLQALPSYGLESIQRLIATSSYSLKKLPSRETFVNLLEATLTYPSHCCAFRNLPTKEQNFSHSISENFSKQCESTVRKVNNKTLYSSMLAESELSGWDYEYGFCLPKTPRCAPEPDAFNPCEDIMGYDFLRVLIWLINILAIMGNMTVLFVLLTSRYKLTVPRFLMCNLSFADFCMGLYLLLIASVDSQTKGQYYNHAIDWQTGSGCSTAGFFTVFASELSVYTLTVITLERWHTITYAIHLDQKLRLRHAILIMLGGWLFSSLIAMLPLVGVSNYMKVSICFPMDVETTLSQVYILTILILNVVAFFIICACYIKIYFAVRNPELMATNKDTKIAKKMAILIFTDFTCMAPISFFAISAAFKVPLITVTNSKVLLVLFYPINSCANPFLYAIFTKTFQRDFFLLLSKFGCCKRRAELYRRKDFSAYTSNCKNGFTGSNKPSQSTLKLSTLHCQGTALLDKTRYTEC
Goserelin,DB00014,,,CC(C)C[C@H](NC(=O)[C@@H](COC(C)(C)C)NC(=O)[C@H](CC1=CC=C(O)C=C1)NC(=O)[C@H](CO)NC(=O)[C@H](CC1=CNC2=CC=CC=C12)NC(=O)[C@H](CC1=CN=CN1)NC(=O)[C@@H]1CCC(=O)N1)C(=O)N[C@@H](CCCN=C(N)N)C(=O)N1CCC[C@H]1C(=O)NNC(N)=O,Target,Protein,Humans,Agonist,GNRHR,P30968,Homo sapiens,MANSASPEQNQNHCSAINNSIPLMQGNLPTLTLSGKIRVTVTFFLFLLSATFNASFLLKLQKWTQKKEKGKKLSRMKLLLKHLTLANLLETLIVMPLDGMWNITVQWYAGELLCKVLSYLKLFSMYAPAFMMVVISLDRSLAITRPLALKSNSKVGQSMVGLAWILSSVFAGPQLYIFRMIHLADSSGQTKVFSQCVTHCSFSQWWHQAFYNFFTFSCLFIIPLFIMLICNAKIIFTLTRVLHQDPHELQLNQSKNNIPRARLKTLKMTVAFATSFTVCWTPYYVLGIWYWFDPEMLNRLSDPVNHFFFLFAFLNPCFDPLIYGYFSL
Gramicidin D,DB00027,,,CC(C)C[C@@H](NC(=O)CNC(=O)[C@@H](NC=O)C(C)C)C(=O)N[C@@H](C)C(=O)N[C@H](C(C)C)C(=O)N[C@@H](C(C)C)C(=O)N[C@H](C(C)C)C(=O)N[C@@H](CC1=CNC2=C1C=CC=C2)C(=O)N[C@H](CC(C)C)C(=O)N[C@@H](CC1=CNC2=C1C=CC=C2)C(=O)N[C@H](CC(C)C)C(=O)N[C@@H](CC1=CNC2=C1C=CC=C2)C(=O)N[C@H](CC(C)C)C(=O)N[C@@H](CC1=CNC2=C1C=CC=C2)C(=O)NCCO,Transporters,Protein,Humans,Substrate,ABCB1,P08183,Homo sapiens,MDLEGDRNGGAKKKNFFKLNNKSEKDKKEKKPTVSVFSMFRYSNWLDKLYMVVGTLAAIIHGAGLPLMMLVFGEMTDIFANAGNLEDLMSNITNRSDINDTGFFMNLEEDMTRYAYYYSGIGAGVLVAAYIQVSFWCLAAGRQIHKIRKQFFHAIMRQEIGWFDVHDVGELNTRLTDDVSKINEGIGDKIGMFFQSMATFFTGFIVGFTRGWKLTLVILAISPVLGLSAAVWAKILSSFTDKELLAYAKAGAVAEEVLAAIRTVIAFGGQKKELERYNKNLEEAKRIGIKKAITANISIGAAFLLIYASYALAFWYGTTLVLSGEYSIGQVLTVFFSVLIGAFSVGQASPSIEAFANARGAAYEIFKIIDNKPSIDSYSKSGHKPDNIKGNLEFRNVHFSYPSRKEVKILKGLNLKVQSGQTVALVGNSGCGKSTTVQLMQRLYDPTEGMVSVDGQDIRTINVRFLREIIGVVSQEPVLFATTIAENIRYGRENVTMDEIEKAVKEANAYDFIMKLPHKFDTLVGERGAQLSGGQKQRIAIARALVRNPKILLLDEATSALDTESEAVVQVALDKARKGRTTIVIAHRLSTVRNADVIAGFDDGVIVEKGNHDELMKEKGIYFKLVTMQTAGNEVELENAADESKSEIDALEMSSNDSRSSLIRKRSTRRSVRGSQAQDRKLSTKEALDESIPPVSFWRIMKLNLTEWPYFVVGVFCAIINGGLQPAFAIIFSKIIGVFTRIDDPETKRQNSNLFSLLFLALGIISFITFFLQGFTFGKAGEILTKRLRYMVFRSMLRQDVSWFDDPKNTTGALTTRLANDAAQVKGAIGSRLAVITQNIANLGTGIIISFIYGWQLTLLLLAIVPIIAIAGVVEMKMLSGQALKDKKELEGSGKIATEAIENFRTVVSLTQEQKFEHMYAQSLQVPYRNSLRKAHIFGITFSFTQAMMYFSYAGCFRFGAYLVAHKLMSFEDVLLVFSAVVFGAMAVGQVSSFAPDYAKAKISAAHIIMIIEKTPLIDSYSTEGLMPNTLEGNVTFGEVVFNYPTRPDIPVLQGLSLEVKKGQTLALVGSSGCGKSTVVQLLERFYDPLAGKVLLDGKEIKRLNVQWLRAHLGIVSQEPILFDCSIAENIAYGDNSRVVSQEEIVRAAKEANIHAFIESLPNKYSTKVGDKGTQLSGGQKQRIAIARALVRQPHILLLDEATSALDTESEKVVQEALDKAREGRTCIVIAHRLSTIQNADLIVVFQNGRVKEHGTHQQLLAQKGIYFSMVSVQAGTKRQ
Desmopressin,DB00035,Desmopressin,MYFQNCPDRG,NC(=O)CC[C@@H]1NC(=O)[C@H](CC2=CC=CC=C2)NC(=O)[C@H](CC2=CC=C(O)C=C2)NC(=O)CCSSC[C@H](NC(=O)[C@H](CC(N)=O)NC1=O)C(=O)N1CCC[C@H]1C(=O)N[C@H](CCCNC(N)=N)C(=O)NCC(N)=O,Target,Protein,Humans,Agonist,AVPR2,P30518,Homo sapiens,MLMASTTSAVPGHPSLPSLPSNSSQERPLDTRDPLLARAELALLSIVFVAVALSNGLVLAALARRGRRGHWAPIHVFIGHLCLADLAVALFQVLPQLAWKATDRFRGPDALCRAVKYLQMVGMYASSYMILAMTLDRHRAICRPMLAYRHGSGAHWNRPVLVAWAFSLLLSLPQLFIFAQRNVEGGSGVTDCWACFAEPWGRRTYVTWIALMVFVAPTLGIAACQVLIFREIHASLVPGPSERPGGRRRGRRTGSPGEGAHVSAAVAKTVRMTLVIVVVYVLCWAPFFLVQLWAAWDPEAPLEGAPFVLLMLLASLNSCTNPWIYASFSSSVSSELRSLLCCARGRTPPSLGPQDESCTTASSSLAKDTSS
Desmopressin,DB00035,Desmopressin,MYFQNCPDRG,NC(=O)CC[C@@H]1NC(=O)[C@H](CC2=CC=CC=C2)NC(=O)[C@H](CC2=CC=C(O)C=C2)NC(=O)CCSSC[C@H](NC(=O)[C@H](CC(N)=O)NC1=O)C(=O)N1CCC[C@H]1C(=O)N[C@H](CCCNC(N)=N)C(=O)NCC(N)=O,Target,Protein,Humans,,AVPR1A,P37288,Homo sapiens,MRLSAGPDAGPSGNSSPWWPLATGAGNTSREAEALGEGNGPPRDVRNEELAKLEIAVLAVTFAVAVLGNSSVLLALHRTPRKTSRMHLFIRHLSLADLAVAFFQVLPQMCWDITYRFRGPDWLCRVVKHLQVFGMFASAYMLVVMTADRYIAVCHPLKTLQQPARRSRLMIAAAWVLSFVLSTPQYFVFSMIEVNNVTKARDCWATFIQPWGSRAYVTWMTGGIFVAPVVILGTCYGFICYNIWCNVRGKTASRQSKGAEQAGVAFQKGFLLAPCVSSVKSISRAKIRTVKMTFVIVTAYIVCWAPFFIIQMWSVWDPMSVWTESENPTITITALLGSLNSCCNPWIYMFFSGHLLQDCVQSFPCCQNMKEKFNKEDTDSMSRRQTFYSNNRSPTNSTGMWKDSPKSSKSIKFIPVST
Desmopressin,DB00035,Desmopressin,MYFQNCPDRG,NC(=O)CC[C@@H]1NC(=O)[C@H](CC2=CC=CC=C2)NC(=O)[C@H](CC2=CC=C(O)C=C2)NC(=O)CCSSC[C@H](NC(=O)[C@H](CC(N)=O)NC1=O)C(=O)N1CCC[C@H]1C(=O)N[C@H](CCCNC(N)=N)C(=O)NCC(N)=O,Target,Protein,Humans,,AVPR1B,P47901,Homo sapiens,MDSGPLWDANPTPRGTLSAPNATTPWLGRDEELAKVEIGVLATVLVLATGGNLAVLLTLGQLGRKRSRMHLFVLHLALTDLAVALFQVLPQLLWDITYRFQGPDLLCRAVKYLQVLSMFASTYMLLAMTLDRYLAVCHPLRSLQQPGQSTYLLIAAPWLLAAIFSLPQVFIFSLREVIQGSGVLDCWADFGFPWGPRAYLTWTTLAIFVLPVTMLTACYSLICHEICKNLKVKTQAWRVGGGGWRTWDRPSPSTLAATTRGLPSRVSSINTISRAKIRTVKMTFVIVLAYIACWAPFFSVQMWSVWDKNAPDEDSTNVAFTISMLLGNLNSCCNPWIYMGFNSHLLPRPLRHLACCGGPQPRMRRRLSDGSLSSRHTTLLTRSSCPATLSLSLSLTLSGRPRPEESPRDLELADGEGTAETIIF
Desmopressin,DB00035,Desmopressin,MYFQNCPDRG,NC(=O)CC[C@@H]1NC(=O)[C@H](CC2=CC=CC=C2)NC(=O)[C@H](CC2=CC=C(O)C=C2)NC(=O)CCSSC[C@H](NC(=O)[C@H](CC(N)=O)NC1=O)C(=O)N1CCC[C@H]1C(=O)N[C@H](CCCNC(N)=N)C(=O)NCC(N)=O,Enzyme,Protein,Humans,Inducer,PTGS2,P35354,Homo sapiens,MLARALLLCAVLALSHTANPCCSHPCQNRGVCMSVGFDQYKCDCTRTGFYGENCSTPEFLTRIKLFLKPTPNTVHYILTHFKGFWNVVNNIPFLRNAIMSYVLTSRSHLIDSPPTYNADYGYKSWEAFSNLSYYTRALPPVPDDCPTPLGVKGKKQLPDSNEIVEKLLLRRKFIPDPQGSNMMFAFFAQHFTHQFFKTDHKRGPAFTNGLGHGVDLNHIYGETLARQRKLRLFKDGKMKYQIIDGEMYPPTVKDTQAEMIYPPQVPEHLRFAVGQEVFGLVPGLMMYATIWLREHNRVCDVLKQEHPEWGDEQLFQTSRLILIGETIKIVIEDYVQHLSGYHFKLKFDPELLFNKQFQYQNRIAAEFNTLYHWHPLLPDTFQIHDQKYNYQQFIYNNSILLEHGITQFVESFTRQIAGRVAGGRNVPPAVQKVSQASIDQSRQMKYQSFNEYRKRFMLKPYESFEELTGEKEMSAELEALYGDIDAVELYPALLVEKPRPDAIFGETMVEVGAPFSLKGLMGNVICSPAYWKPSTFGGEVGFQIINTASIQSLICNNVKGCPFTSFSVPDPELIKTVTINASSSRSGLDDINPTVLLKERSTEL
Desmopressin,DB00035,Desmopressin,MYFQNCPDRG,NC(=O)CC[C@@H]1NC(=O)[C@H](CC2=CC=CC=C2)NC(=O)[C@H](CC2=CC=C(O)C=C2)NC(=O)CCSSC[C@H](NC(=O)[C@H](CC(N)=O)NC1=O)C(=O)N1CCC[C@H]1C(=O)N[C@H](CCCNC(N)=N)C(=O)NCC(N)=O,Enzyme,Protein,Humans,Inducer,PTGS1,P23219,Homo sapiens,MSRSLLLWFLLFLLLLPPLPVLLADPGAPTPVNPCCYYPCQHQGICVRFGLDRYQCDCTRTGYSGPNCTIPGLWTWLRNSLRPSPSFTHFLLTHGRWFWEFVNATFIREMLMRLVLTVRSNLIPSPPTYNSAHDYISWESFSNVSYYTRILPSVPKDCPTPMGTKGKKQLPDAQLLARRFLLRRKFIPDPQGTNLMFAFFAQHFTHQFFKTSGKMGPGFTKALGHGVDLGHIYGDNLERQYQLRLFKDGKLKYQVLDGEMYPPSVEEAPVLMHYPRGIPPQSQMAVGQEVFGLLPGLMLYATLWLREHNRVCDLLKAEHPTWGDEQLFQTTRLILIGETIKIVIEEYVQQLSGYFLQLKFDPELLFGVQFQYRNRIAMEFNHLYHWHPLMPDSFKVGSQEYSYEQFLFNTSMLVDYGVEALVDAFSRQIAGRIGGGRNMDHHILHVAVDVIRESREMRLQPFNEYRKRFGMKPYTSFQELVGEKEMAAELEELYGDIDALEFYPGLLLEKCHPNSIFGESMIEIGAPFSLKGLLGNPICSPEYWKPSTFGGEVGFNIVKTATLKKLVCLNTKTCPYVSFRVPDASQDDGPAVERPSTEL
Cetrorelix,DB00050,,,CC(C)C[C@H](NC(=O)[C@@H](CCCNC(N)=O)NC(=O)[C@H](CC1=CC=C(O)C=C1)NC(=O)[C@H](CO)NC(=O)[C@@H](CC1=CN=CC=C1)NC(=O)[C@@H](CC1=CC=C(Cl)C=C1)NC(=O)[C@@H](CC1=CC2=CC=CC=C2C=C1)NC(C)=O)C(=O)N[C@@H](CCCNC(N)=N)C(=O)N1CCC[C@H]1C(=O)N[C@H](C)C(N)=O,Target,Protein,Humans,,LHCGR,P22888,Homo sapiens,MKQRFSALQLLKLLLLLQPPLPRALREALCPEPCNCVPDGALRCPGPTAGLTRLSLAYLPVKVIPSQAFRGLNEVIKIEISQIDSLERIEANAFDNLLNLSEILIQNTKNLRYIEPGAFINLPRLKYLSICNTGIRKFPDVTKVFSSESNFILEICDNLHITTIPGNAFQGMNNESVTLKLYGNGFEEVQSHAFNGTTLTSLELKENVHLEKMHNGAFRGATGPKTLDISSTKLQALPSYGLESIQRLIATSSYSLKKLPSRETFVNLLEATLTYPSHCCAFRNLPTKEQNFSHSISENFSKQCESTVRKVNNKTLYSSMLAESELSGWDYEYGFCLPKTPRCAPEPDAFNPCEDIMGYDFLRVLIWLINILAIMGNMTVLFVLLTSRYKLTVPRFLMCNLSFADFCMGLYLLLIASVDSQTKGQYYNHAIDWQTGSGCSTAGFFTVFASELSVYTLTVITLERWHTITYAIHLDQKLRLRHAILIMLGGWLFSSLIAMLPLVGVSNYMKVSICFPMDVETTLSQVYILTILILNVVAFFIICACYIKIYFAVRNPELMATNKDTKIAKKMAILIFTDFTCMAPISFFAISAAFKVPLITVTNSKVLLVLFYPINSCANPFLYAIFTKTFQRDFFLLLSKFGCCKRRAELYRRKDFSAYTSNCKNGFTGSNKPSQSTLKLSTLHCQGTALLDKTRYTEC
Vasopressin,DB00067,DE = Vasopressin,CYFQNCPRG,NCCCCC(NC(=O)C1CCCN1C(=O)C1CSSCC(N)C(=O)NC(CC2=CC=C(O)C=C2)C(=O)NC(CC2=CC=CC=C2)C(=O)NC(CCC(N)=O)C(=O)NC(CC(N)=O)C(=O)N1)C(=O)NCC(N)=O.NC1CSSCC(NC(=O)C(CC(N)=O)NC(=O)C(CCC(N)=O)NC(=O)C(CC2=CC=CC=C2)NC(=O)C(CC2=CC=C(O)C=C2)NC1=O)C(=O)N1CCCC1C(=O)NC(CCCN=C(N)N)C(=O)NCC(N)=O,Target,Protein,Humans,Agonist,AVPR2,P30518,Homo sapiens,MLMASTTSAVPGHPSLPSLPSNSSQERPLDTRDPLLARAELALLSIVFVAVALSNGLVLAALARRGRRGHWAPIHVFIGHLCLADLAVALFQVLPQLAWKATDRFRGPDALCRAVKYLQMVGMYASSYMILAMTLDRHRAICRPMLAYRHGSGAHWNRPVLVAWAFSLLLSLPQLFIFAQRNVEGGSGVTDCWACFAEPWGRRTYVTWIALMVFVAPTLGIAACQVLIFREIHASLVPGPSERPGGRRRGRRTGSPGEGAHVSAAVAKTVRMTLVIVVVYVLCWAPFFLVQLWAAWDPEAPLEGAPFVLLMLLASLNSCTNPWIYASFSSSVSSELRSLLCCARGRTPPSLGPQDESCTTASSSLAKDTSS
Vasopressin,DB00067,DE = Vasopressin,CYFQNCPRG,NCCCCC(NC(=O)C1CCCN1C(=O)C1CSSCC(N)C(=O)NC(CC2=CC=C(O)C=C2)C(=O)NC(CC2=CC=CC=C2)C(=O)NC(CCC(N)=O)C(=O)NC(CC(N)=O)C(=O)N1)C(=O)NCC(N)=O.NC1CSSCC(NC(=O)C(CC(N)=O)NC(=O)C(CCC(N)=O)NC(=O)C(CC2=CC=CC=C2)NC(=O)C(CC2=CC=C(O)C=C2)NC1=O)C(=O)N1CCCC1C(=O)NC(CCCN=C(N)N)C(=O)NCC(N)=O,Target,Protein,Humans,Agonist,AVPR1A,P37288,Homo sapiens,MRLSAGPDAGPSGNSSPWWPLATGAGNTSREAEALGEGNGPPRDVRNEELAKLEIAVLAVTFAVAVLGNSSVLLALHRTPRKTSRMHLFIRHLSLADLAVAFFQVLPQMCWDITYRFRGPDWLCRVVKHLQVFGMFASAYMLVVMTADRYIAVCHPLKTLQQPARRSRLMIAAAWVLSFVLSTPQYFVFSMIEVNNVTKARDCWATFIQPWGSRAYVTWMTGGIFVAPVVILGTCYGFICYNIWCNVRGKTASRQSKGAEQAGVAFQKGFLLAPCVSSVKSISRAKIRTVKMTFVIVTAYIVCWAPFFIIQMWSVWDPMSVWTESENPTITITALLGSLNSCCNPWIYMFFSGHLLQDCVQSFPCCQNMKEKFNKEDTDSMSRRQTFYSNNRSPTNSTGMWKDSPKSSKSIKFIPVST
Vasopressin,DB00067,DE = Vasopressin,CYFQNCPRG,NCCCCC(NC(=O)C1CCCN1C(=O)C1CSSCC(N)C(=O)NC(CC2=CC=C(O)C=C2)C(=O)NC(CC2=CC=CC=C2)C(=O)NC(CCC(N)=O)C(=O)NC(CC(N)=O)C(=O)N1)C(=O)NCC(N)=O.NC1CSSCC(NC(=O)C(CC(N)=O)NC(=O)C(CCC(N)=O)NC(=O)C(CC2=CC=CC=C2)NC(=O)C(CC2=CC=C(O)C=C2)NC1=O)C(=O)N1CCCC1C(=O)NC(CCCN=C(N)N)C(=O)NCC(N)=O,Target,Protein,Humans,Agonist,AVPR1B,P47901,Homo sapiens,MDSGPLWDANPTPRGTLSAPNATTPWLGRDEELAKVEIGVLATVLVLATGGNLAVLLTLGQLGRKRSRMHLFVLHLALTDLAVALFQVLPQLLWDITYRFQGPDLLCRAVKYLQVLSMFASTYMLLAMTLDRYLAVCHPLRSLQQPGQSTYLLIAAPWLLAAIFSLPQVFIFSLREVIQGSGVLDCWADFGFPWGPRAYLTWTTLAIFVLPVTMLTACYSLICHEICKNLKVKTQAWRVGGGGWRTWDRPSPSTLAATTRGLPSRVSSINTISRAKIRTVKMTFVIVLAYIACWAPFFSVQMWSVWDKNAPDEDSTNVAFTISMLLGNLNSCCNPWIYMGFNSHLLPRPLRHLACCGGPQPRMRRRLSDGSLSSRHTTLLTRSSCPATLSLSLSLTLSGRPRPEESPRDLELADGEGTAETIIF
Vasopressin,DB00067,DE = Vasopressin,CYFQNCPRG,NCCCCC(NC(=O)C1CCCN1C(=O)C1CSSCC(N)C(=O)NC(CC2=CC=C(O)C=C2)C(=O)NC(CC2=CC=CC=C2)C(=O)NC(CCC(N)=O)C(=O)NC(CC(N)=O)C(=O)N1)C(=O)NCC(N)=O.NC1CSSCC(NC(=O)C(CC(N)=O)NC(=O)C(CCC(N)=O)NC(=O)C(CC2=CC=CC=C2)NC(=O)C(CC2=CC=C(O)C=C2)NC1=O)C(=O)N1CCCC1C(=O)NC(CCCN=C(N)N)C(=O)NCC(N)=O,Target,Protein,Humans,Agonist,OXTR,P30559,Homo sapiens,MEGALAANWSAEAANASAAPPGAEGNRTAGPPRRNEALARVEVAVLCLILLLALSGNACVLLALRTTRQKHSRLFFFMKHLSIADLVVAVFQVLPQLLWDITFRFYGPDLLCRLVKYLQVVGMFASTYLLLLMSLDRCLAICQPLRSLRRRTDRLAVLATWLGCLVASAPQVHIFSLREVADGVFDCWAVFIQPWGPKAYITWITLAVYIVPVIVLAACYGLISFKIWQNLRLKTAAAAAAEAPEGAAAGDGGRVALARVSSVKLISKAKIRTVKMTFIIVLAFIVCWTPFFFVQMWSVWDANAPKEASAFIIVMLLASLNSCCNPWIYMLFTGHLFHELVQRFLCCSASYLKGRRLGETSASKKSNSSSFVLSHRSSSQRSCSQPSTA
Daptomycin,DB00080,DB00080 (Daptomycin) Sequence,WNDTGXDADGSEX,CCCCCCCCCC(=O)N[C@@H](CC1=CNC2=C1C=CC=C2)C(=O)N[C@H](CC(N)=O)C(=O)N[C@@H](CC(O)=O)C(=O)N[C@H]1[C@@H](C)OC(=O)[C@H](CC(=O)C2=CC=CC=C2N)NC(=O)[C@@H](NC(=O)[C@@H](CO)NC(=O)CNC(=O)[C@H](CC(O)=O)NC(=O)[C@@H](C)NC(=O)[C@H](CC(O)=O)NC(=O)[C@H](CCCN)NC(=O)CNC1=O)[C@H](C)CC(O)=O,Carrier,Protein,Humans,Binder,ORM1,P02763,Homo sapiens,MALSWVLTVLSLLPLLEAQIPLCANLVPVPITNATLDRITGKWFYIASAFRNEEYNKSVQEIQATFFYFTPNKTEDTIFLREYQTRQDQCIYNTTYLNVQRENGTISRYVGGQEHFAHLLILRDTKTYMLAFDVNDEKNWGLSVYADKPETTKEQLGEFYEALDCLRIPKSDVVYTDWKKDKCEPLEKQHEKERKQEEGES
Daptomycin,DB00080,DB00080 (Daptomycin) Sequence,WNDTGXDADGSEX,CCCCCCCCCC(=O)N[C@@H](CC1=CNC2=C1C=CC=C2)C(=O)N[C@H](CC(N)=O)C(=O)N[C@@H](CC(O)=O)C(=O)N[C@H]1[C@@H](C)OC(=O)[C@H](CC(=O)C2=CC=CC=C2N)NC(=O)[C@@H](NC(=O)[C@@H](CO)NC(=O)CNC(=O)[C@H](CC(O)=O)NC(=O)[C@@H](C)NC(=O)[C@H](CC(O)=O)NC(=O)[C@H](CCCN)NC(=O)CNC1=O)[C@H](C)CC(O)=O,Carrier,Protein,Humans,Binder,SERPINA1,P01009,Homo sapiens,MPSSVSWGILLLAGLCCLVPVSLAEDPQGDAAQKTDTSHHDQDHPTFNKITPNLAEFAFSLYRQLAHQSNSTNIFFSPVSIATAFAMLSLGTKADTHDEILEGLNFNLTEIPEAQIHEGFQELLRTLNQPDSQLQLTTGNGLFLSEGLKLVDKFLEDVKKLYHSEAFTVNFGDTEEAKKQINDYVEKGTQGKIVDLVKELDRDTVFALVNYIFFKGKWERPFEVKDTEEEDFHVDQVTTVKVPMMKRLGMFNIQHCKKLSSWVLLMKYLGNATAIFFLPDEGKLQHLENELTHDIITKFLENEDRRSASLHLPKLSITGTYDLKSVLGQLGITKVFSNGADLSGVTEEAPLKLSKAVHKAVLTIDEKGTEAAGAMFLEAIPMSIPPEVKFNKPFVFLMIEQNTKSPLFMGKVVNPTQK
Daptomycin,DB00080,DB00080 (Daptomycin) Sequence,WNDTGXDADGSEX,CCCCCCCCCC(=O)N[C@@H](CC1=CNC2=C1C=CC=C2)C(=O)N[C@H](CC(N)=O)C(=O)N[C@@H](CC(O)=O)C(=O)N[C@H]1[C@@H](C)OC(=O)[C@H](CC(=O)C2=CC=CC=C2N)NC(=O)[C@@H](NC(=O)[C@@H](CO)NC(=O)CNC(=O)[C@H](CC(O)=O)NC(=O)[C@@H](C)NC(=O)[C@H](CC(O)=O)NC(=O)[C@H](CCCN)NC(=O)CNC1=O)[C@H](C)CC(O)=O,Carrier,Protein,Humans,Binder,LDLR,P01130,Homo sapiens,MGPWGWKLRWTVALLLAAAGTAVGDRCERNEFQCQDGKCISYKWVCDGSAECQDGSDESQETCLSVTCKSGDFSCGGRVNRCIPQFWRCDGQVDCDNGSDEQGCPPKTCSQDEFRCHDGKCISRQFVCDSDRDCLDGSDEASCPVLTCGPASFQCNSSTCIPQLWACDNDPDCEDGSDEWPQRCRGLYVFQGDSSPCSAFEFHCLSGECIHSSWRCDGGPDCKDKSDEENCAVATCRPDEFQCSDGNCIHGSRQCDREYDCKDMSDEVGCVNVTLCEGPNKFKCHSGECITLDKVCNMARDCRDWSDEPIKECGTNECLDNNGGCSHVCNDLKIGYECLCPDGFQLVAQRRCEDIDECQDPDTCSQLCVNLEGGYKCQCEEGFQLDPHTKACKAVGSIAYLFFTNRHEVRKMTLDRSEYTSLIPNLRNVVALDTEVASNRIYWSDLSQRMICSTQLDRAHGVSSYDTVISRDIQAPDGLAVDWIHSNIYWTDSVLGTVSVADTKGVKRKTLFRENGSKPRAIVVDPVHGFMYWTDWGTPAKIKKGGLNGVDIYSLVTENIQWPNGITLDLLSGRLYWVDSKLHSISSIDVNGGNRKTILEDEKRLAHPFSLAVFEDKVFWTDIINEAIFSANRLTGSDVNLLAENLLSPEDMVLFHNLTQPRGVNWCERTTLSNGGCQYLCLPAPQINPHSPKFTCACPDGMLLARDMRSCLTEAEAAVATQETSTVRLKVSSTAVRTQHTTTRPVPDTSRLPGATPGLTTVEIVTMSHQALGDVAGRGNEKKPSSVRALSIVLPIVLLVFLCLGVFLLWKNWRLKNINSINFDNPVYQKTTEDEVHICHNQDGYSYPSRQMVSLEDDVA
Daptomycin,DB00080,DB00080 (Daptomycin) Sequence,WNDTGXDADGSEX,CCCCCCCCCC(=O)N[C@@H](CC1=CNC2=C1C=CC=C2)C(=O)N[C@H](CC(N)=O)C(=O)N[C@@H](CC(O)=O)C(=O)N[C@H]1[C@@H](C)OC(=O)[C@H](CC(=O)C2=CC=CC=C2N)NC(=O)[C@@H](NC(=O)[C@@H](CO)NC(=O)CNC(=O)[C@H](CC(O)=O)NC(=O)[C@@H](C)NC(=O)[C@H](CC(O)=O)NC(=O)[C@H](CCCN)NC(=O)CNC1=O)[C@H](C)CC(O)=O,Carrier,Protein,Humans,Binder,SHBG,P04278,Homo sapiens,MESRGPLATSRLLLLLLLLLLRHTRQGWALRPVLPTQSAHDPPAVHLSNGPGQEPIAVMTFDLTKITKTSSSFEVRTWDPEGVIFYGDTNPKDDWFMLGLRDGRPEIQLHNHWAQLTVGAGPRLDDGRWHQVEVKMEGDSVLLEVDGEEVLRLRQVSGPLTSKRHPIMRIALGGLLFPASNLRLPLVPALDGCLRRDSWLDKQAEISASAPTSLRSCDVESNPGIFLPPGTQAEFNLRDIPQPHAEPWAFSLDLGLKQAAGSGHLLALGTPENPSWLSLHLQDQKVVLSSGSGPGLDLPLVLGLPLQLKLSMSRVVLSQGSKMKALALPPLGLAPLLNLWAKPQGRLFLGALPGEDSSTSFCLNGLWAQGQRLDVDQALNRSHEIWTHSCPQSPGNGTDASH
Daptomycin,DB00080,DB00080 (Daptomycin) Sequence,WNDTGXDADGSEX,CCCCCCCCCC(=O)N[C@@H](CC1=CNC2=C1C=CC=C2)C(=O)N[C@H](CC(N)=O)C(=O)N[C@@H](CC(O)=O)C(=O)N[C@H]1[C@@H](C)OC(=O)[C@H](CC(=O)C2=CC=CC=C2N)NC(=O)[C@@H](NC(=O)[C@@H](CO)NC(=O)CNC(=O)[C@H](CC(O)=O)NC(=O)[C@@H](C)NC(=O)[C@H](CC(O)=O)NC(=O)[C@H](CCCN)NC(=O)CNC1=O)[C@H](C)CC(O)=O,Carrier,Protein,Humans,Binder,HPX,P02790,Homo sapiens,MARVLGAPVALGLWSLCWSLAIATPLPPTSAHGNVAEGETKPDPDVTERCSDGWSFDATTLDDNGTMLFFKGEFVWKSHKWDRELISERWKNFPSPVDAAFRQGHNSVFLIKGDKVWVYPPEKKEKGYPKLLQDEFPGIPSPLDAAVECHRGECQAEGVLFFQGDREWFWDLATGTMKERSWPAVGNCSSALRWLGRYYCFQGNQFLRFDPVRGEVPPRYPRDVRDYFMPCPGRGHGHRNGTGHGNSTHHGPEYMRCSPHLVLSALTSDNHGATYAFSGTHYWRLDTSRDGWHSWPIAHQWPQGPSAVDAAFSWEEKLYLVQGTQVYVFLTKGGYTLVSGYPKRLEKEVGTPHGIILDSVDAAFICPGSSRLHIMAGRRLWWLDLKSGAQATWTELPWPHEKVDGALCMEKSLGPNSCSANGPGLYLIHGPNLYCYSDVEKLNAAKALPQPQNVTSLLGCTH
Daptomycin,DB00080,DB00080 (Daptomycin) Sequence,WNDTGXDADGSEX,CCCCCCCCCC(=O)N[C@@H](CC1=CNC2=C1C=CC=C2)C(=O)N[C@H](CC(N)=O)C(=O)N[C@@H](CC(O)=O)C(=O)N[C@H]1[C@@H](C)OC(=O)[C@H](CC(=O)C2=CC=CC=C2N)NC(=O)[C@@H](NC(=O)[C@@H](CO)NC(=O)CNC(=O)[C@H](CC(O)=O)NC(=O)[C@@H](C)NC(=O)[C@H](CC(O)=O)NC(=O)[C@H](CCCN)NC(=O)CNC1=O)[C@H](C)CC(O)=O,Transporters,Protein,Humans,Substrate,ABCB1,P08183,Homo sapiens,MDLEGDRNGGAKKKNFFKLNNKSEKDKKEKKPTVSVFSMFRYSNWLDKLYMVVGTLAAIIHGAGLPLMMLVFGEMTDIFANAGNLEDLMSNITNRSDINDTGFFMNLEEDMTRYAYYYSGIGAGVLVAAYIQVSFWCLAAGRQIHKIRKQFFHAIMRQEIGWFDVHDVGELNTRLTDDVSKINEGIGDKIGMFFQSMATFFTGFIVGFTRGWKLTLVILAISPVLGLSAAVWAKILSSFTDKELLAYAKAGAVAEEVLAAIRTVIAFGGQKKELERYNKNLEEAKRIGIKKAITANISIGAAFLLIYASYALAFWYGTTLVLSGEYSIGQVLTVFFSVLIGAFSVGQASPSIEAFANARGAAYEIFKIIDNKPSIDSYSKSGHKPDNIKGNLEFRNVHFSYPSRKEVKILKGLNLKVQSGQTVALVGNSGCGKSTTVQLMQRLYDPTEGMVSVDGQDIRTINVRFLREIIGVVSQEPVLFATTIAENIRYGRENVTMDEIEKAVKEANAYDFIMKLPHKFDTLVGERGAQLSGGQKQRIAIARALVRNPKILLLDEATSALDTESEAVVQVALDKARKGRTTIVIAHRLSTVRNADVIAGFDDGVIVEKGNHDELMKEKGIYFKLVTMQTAGNEVELENAADESKSEIDALEMSSNDSRSSLIRKRSTRRSVRGSQAQDRKLSTKEALDESIPPVSFWRIMKLNLTEWPYFVVGVFCAIINGGLQPAFAIIFSKIIGVFTRIDDPETKRQNSNLFSLLFLALGIISFITFFLQGFTFGKAGEILTKRLRYMVFRSMLRQDVSWFDDPKNTTGALTTRLANDAAQVKGAIGSRLAVITQNIANLGTGIIISFIYGWQLTLLLLAIVPIIAIAGVVEMKMLSGQALKDKKELEGSGKIATEAIENFRTVVSLTQEQKFEHMYAQSLQVPYRNSLRKAHIFGITFSFTQAMMYFSYAGCFRFGAYLVAHKLMSFEDVLLVFSAVVFGAMAVGQVSSFAPDYAKAKISAAHIIMIIEKTPLIDSYSTEGLMPNTLEGNVTFGEVVFNYPTRPDIPVLQGLSLEVKKGQTLALVGSSGCGKSTVVQLLERFYDPLAGKVLLDGKEIKRLNVQWLRAHLGIVSQEPILFDCSIAENIAYGDNSRVVSQEEIVRAAKEANIHAFIESLPNKYSTKVGDKGTQLSGGQKQRIAIARALVRQPHILLLDEATSALDTESEKVVQEALDKAREGRTCIVIAHRLSTIQNADLIVVFQNGRVKEHGTHQQLLAQKGIYFSMVSVQAGTKRQ
Cyclosporine,DB00091,,,CC[C@@H]1NC(=O)[C@H]([C@H](O)[C@H](C)C\C=C\C)N(C)C(=O)[C@H](C(C)C)N(C)C(=O)[C@H](CC(C)C)N(C)C(=O)[C@H](CC(C)C)N(C)C(=O)[C@@H](C)NC(=O)[C@H](C)NC(=O)[C@H](CC(C)C)N(C)C(=O)[C@@H](NC(=O)[C@H](CC(C)C)N(C)C(=O)CN(C)C1=O)C(C)C,Target,Protein,Humans,Binder,CAMLG,P49069,Homo sapiens,MESMAVATDGGERPGVPAGSGLSASQRRAELRRRKLLMNSEQRINRIMGFHRPGSGAEEESQTKSKQQDSDKLNSLSVPSVSKRVVLGDSVSTGTTDQQGGVAEVKGTQLGDKLDSFIKPPECSSDVNLELRQRNRGDLTADSVQRGSRHGLEQYLSRFEEAMKLRKQLISEKPSQEDGNTTEEFDSFRIFRLVGCALLALGVRAFVCKYLSIFAPFLTLQLAYMGLYKYFPKSEKKIKTTVLTAALLLSGIPAEVINRSMDTYSKMGEVFTDLCVYFFTFIFCHELLDYWGSEVP
Cyclosporine,DB00091,,,CC[C@@H]1NC(=O)[C@H]([C@H](O)[C@H](C)C\C=C\C)N(C)C(=O)[C@H](C(C)C)N(C)C(=O)[C@H](CC(C)C)N(C)C(=O)[C@H](CC(C)C)N(C)C(=O)[C@@H](C)NC(=O)[C@H](C)NC(=O)[C@H](CC(C)C)N(C)C(=O)[C@@H](NC(=O)[C@H](CC(C)C)N(C)C(=O)CN(C)C1=O)C(C)C,Target,Protein,Humans,Inhibitor,PPP3R2,Q96LZ3,Homo sapiens,MGNEASYPAEMCSHFDNDEIKRLGRRFKKLDLDKSGSLSVEEFMSLPELRHNPLVRRVIDVFDTDGDGEVDFKEFILGTSQFSVKGDEEQKLRFAFSIYDMDKDGYISNGELFQVLKMMVGNNLTDWQLQQLVDKTIIILDKDGDGKISFEEFSAVVRDLEIHKKLVLIV
Cyclosporine,DB00091,,,CC[C@@H]1NC(=O)[C@H]([C@H](O)[C@H](C)C\C=C\C)N(C)C(=O)[C@H](C(C)C)N(C)C(=O)[C@H](CC(C)C)N(C)C(=O)[C@H](CC(C)C)N(C)C(=O)[C@@H](C)NC(=O)[C@H](C)NC(=O)[C@H](CC(C)C)N(C)C(=O)[C@@H](NC(=O)[C@H](CC(C)C)N(C)C(=O)CN(C)C1=O)C(C)C,Target,Protein,Humans,Binder,PPIF,P30405,Homo sapiens,MLALRCGSRWLGLLSVPRSVPLRLPAARACSKGSGDPSSSSSSGNPLVYLDVDANGKPLGRVVLELKADVVPKTAENFRALCTGEKGFGYKGSTFHRVIPSFMCQAGDFTNHNGTGGKSIYGSRFPDENFTLKHVGPGVLSMANAGPNTNGSQFFICTIKTDWLDGKHVVFGHVKEGMDVVKKIESFGSKSGRTSKKIVITDCGQLS
Cyclosporine,DB00091,,,CC[C@@H]1NC(=O)[C@H]([C@H](O)[C@H](C)C\C=C\C)N(C)C(=O)[C@H](C(C)C)N(C)C(=O)[C@H](CC(C)C)N(C)C(=O)[C@H](CC(C)C)N(C)C(=O)[C@@H](C)NC(=O)[C@H](C)NC(=O)[C@H](CC(C)C)N(C)C(=O)[C@@H](NC(=O)[C@H](CC(C)C)N(C)C(=O)CN(C)C1=O)C(C)C,Enzyme,Protein,Humans,Substrate,CYP3A5,P20815,Homo sapiens,MDLIPNLAVETWLLLAVSLVLLYLYGTRTHGLFKRLGIPGPTPLPLLGNVLSYRQGLWKFDTECYKKYGKMWGTYEGQLPVLAITDPDVIRTVLVKECYSVFTNRRSLGPVGFMKSAISLAEDEEWKRIRSLLSPTFTSGKLKEMFPIIAQYGDVLVRNLRREAEKGKPVTLKDIFGAYSMDVITGTSFGVNIDSLNNPQDPFVESTKKFLKFGFLDPLFLSIILFPFLTPVFEALNVSLFPKDTINFLSKSVNRMKKSRLNDKQKHRLDFLQLMIDSQNSKETESHKALSDLELAAQSIIFIFAGYETTSSVLSFTLYELATHPDVQQKLQKEIDAVLPNKAPPTYDAVVQMEYLDMVVNETLRLFPVAIRLERTCKKDVEINGVFIPKGSMVVIPTYALHHDPKYWTEPEEFRPERFSKKKDSIDPYIYTPFGTGPRNCIGMRFALMNMKLALIRVLQNFSFKPCKETQIPLKLDTQGLLQPEKPIVLKVDSRDGTLSGE
Cyclosporine,DB00091,,,CC[C@@H]1NC(=O)[C@H]([C@H](O)[C@H](C)C\C=C\C)N(C)C(=O)[C@H](C(C)C)N(C)C(=O)[C@H](CC(C)C)N(C)C(=O)[C@H](CC(C)C)N(C)C(=O)[C@@H](C)NC(=O)[C@H](C)NC(=O)[C@H](CC(C)C)N(C)C(=O)[C@@H](NC(=O)[C@H](CC(C)C)N(C)C(=O)CN(C)C1=O)C(C)C,Transporters,Protein,Humans,Substrate,SLC22A6,Q4U2R8,Homo sapiens,MAFNDLLQQVGGVGRFQQIQVTLVVLPLLLMASHNTLQNFTAAIPTHHCRPPADANLSKNGGLEVWLPRDRQGQPESCLRFTSPQWGLPFLNGTEANGTGATEPCTDGWIYDNSTFPSTIVTEWDLVCSHRALRQLAQSLYMVGVLLGAMVFGYLADRLGRRKVLILNYLQTAVSGTCAAFAPNFPIYCAFRLLSGMALAGISLNCMTLNVEWMPIHTRACVGTLIGYVYSLGQFLLAGVAYAVPHWRHLQLLVSAPFFAFFIYSWFFIESARWHSSSGRLDLTLRALQRVARINGKREEGAKLSMEVLRASLQKELTMGKGQASAMELLRCPTLRHLFLCLSMLWFATSFAYYGLVMDLQGFGVSIYLIQVIFGAVDLPAKLVGFLVINSLGRRPAQMAALLLAGICILLNGVIPQDQSIVRTSLAVLGKGCLAASFNCIFLYTGELYPTMIRQTGMGMGSTMARVGSIVSPLVSMTAELYPSMPLFIYGAVPVAASAVTVLLPETLGQPLPDTVQDLESRWAPTQKEAGIYPRKGKQTRQQQEHQKYMVPLQASAQEKNGL
Cyclosporine,DB00091,,,CC[C@@H]1NC(=O)[C@H]([C@H](O)[C@H](C)C\C=C\C)N(C)C(=O)[C@H](C(C)C)N(C)C(=O)[C@H](CC(C)C)N(C)C(=O)[C@H](CC(C)C)N(C)C(=O)[C@@H](C)NC(=O)[C@H](C)NC(=O)[C@H](CC(C)C)N(C)C(=O)[C@@H](NC(=O)[C@H](CC(C)C)N(C)C(=O)CN(C)C1=O)C(C)C,Transporters,Protein,Humans,Inhibitor,SLCO1B3,Q9NPD5,Homo sapiens,MDQHQHLNKTAESASSEKKKTRRCNGFKMFLAALSFSYIAKALGGIIMKISITQIERRFDISSSLAGLIDGSFEIGNLLVIVFVSYFGSKLHRPKLIGIGCLLMGTGSILTSLPHFFMGYYRYSKETHINPSENSTSSLSTCLINQTLSFNGTSPEIVEKDCVKESGSHMWIYVFMGNMLRGIGETPIVPLGISYIDDFAKEGHSSLYLGSLNAIGMIGPVIGFALGSLFAKMYVDIGYVDLSTIRITPKDSRWVGAWWLGFLVSGLFSIISSIPFFFLPKNPNKPQKERKISLSLHVLKTNDDRNQTANLTNQGKNVTKNVTGFFQSLKSILTNPLYVIFLLLTLLQVSSFIGSFTYVFKYMEQQYGQSASHANFLLGIITIPTVATGMFLGGFIIKKFKLSLVGIAKFSFLTSMISFLFQLLYFPLICESKSVAGLTLTYDGNNSVASHVDVPLSYCNSECNCDESQWEPVCGNNGITYLSPCLAGCKSSSGIKKHTVFYNCSCVEVTGLQNRNYSAHLGECPRDNTCTRKFFIYVAIQVINSLFSATGGTTFILLTVKIVQPELKALAMGFQSMVIRTLGGILAPIYFGALIDKTCMKWSTNSCGAQGACRIYNSVFFGRVYLGLSIALRFPALVLYIVFIFAMKKKFQGKDTKASDNERKVMDEANLEFLNNGEHFVPSAGTDSKTCNLDMQDNAAAN
Felypressin,DB00093,,,NCCCC[C@H](NC(=O)[C@@H]1CCCN1C(=O)[C@@H]1CSSC[C@H](N)C(=O)N[C@@H](CC2=CC=CC=C2)C(=O)N[C@@H](CC2=CC=CC=C2)C(=O)N[C@@H](CCC(N)=O)C(=O)N[C@@H](CC(N)=O)C(=O)N1)C(=O)NCC(N)=O,Target,Protein,Humans,Agonist,AVPR1A,P37288,Homo sapiens,MRLSAGPDAGPSGNSSPWWPLATGAGNTSREAEALGEGNGPPRDVRNEELAKLEIAVLAVTFAVAVLGNSSVLLALHRTPRKTSRMHLFIRHLSLADLAVAFFQVLPQMCWDITYRFRGPDWLCRVVKHLQVFGMFASAYMLVVMTADRYIAVCHPLKTLQQPARRSRLMIAAAWVLSFVLSTPQYFVFSMIEVNNVTKARDCWATFIQPWGSRAYVTWMTGGIFVAPVVILGTCYGFICYNIWCNVRGKTASRQSKGAEQAGVAFQKGFLLAPCVSSVKSISRAKIRTVKMTFVIVTAYIVCWAPFFIIQMWSVWDPMSVWTESENPTITITALLGSLNSCCNPWIYMFFSGHLLQDCVQSFPCCQNMKEKFNKEDTDSMSRRQTFYSNNRSPTNSTGMWKDSPKSSKSIKFIPVST
Octreotide,DB00104,,,[H][C@]1(NC(=O)[C@H](CCCCN)NC(=O)[C@@H](CC2=CNC3=C2C=CC=C3)NC(=O)[C@H](CC2=CC=CC=C2)NC(=O)[C@H](CSSC[C@H](NC1=O)C(=O)N[C@H](CO)[C@@H](C)O)NC(=O)[C@H](N)CC1=CC=CC=C1)[C@@H](C)O,Enzyme,Protein,Humans,Inhibitor,MPO,P05164,Homo sapiens,MGVPFFSSLRCMVDLGPCWAGGLTAEMKLLLALAGLLAILATPQPSEGAAPAVLGEVDTSLVLSSMEEAKQLVDKAYKERRESIKQRLRSGSASPMELLSYFKQPVAATRTAVRAADYLHVALDLLERKLRSLWRRPFNVTDVLTPAQLNVLSKSSGCAYQDVGVTCPEQDKYRTITGMCNNRRSPTLGASNRAFVRWLPAEYEDGFSLPYGWTPGVKRNGFPVALARAVSNEIVRFPTDQLTPDQERSLMFMQWGQLLDHDLDFTPEPAARASFVTGVNCETSCVQQPPCFPLKIPPNDPRIKNQADCIPFFRSCPACPGSNITIRNQINALTSFVDASMVYGSEEPLARNLRNMSNQLGLLAVNQRFQDNGRALLPFDNLHDDPCLLTNRSARIPCFLAGDTRSSEMPELTSMHTLLLREHNRLATELKSLNPRWDGERLYQEARKIVGAMVQIITYRDYLPLVLGPTAMRKYLPTYRSYNDSVDPRIANVFTNAFRYGHTLIQPFMFRLDNRYQPMEPNPRVPLSRVFFASWRVVLEGGIDPILRGLMATPAKLNRQNQIAVDEIRERLFEQVMRIGLDLPALNMQRSRDHGLPGYNAWRRFCGLPQPETVGQLGTVLRNLKLARKLMEQYGTPNNIDIWMGGVSEPLKRKGRVGPLLACIIGTQFRKLRDGDRFWWENEGVFSMQQRQALAQISLPRIICDNTGITTVSKNNIFMSNSYPRDFVNCSTLPALNLASWREAS
Octreotide,DB00104,,,[H][C@]1(NC(=O)[C@H](CCCCN)NC(=O)[C@@H](CC2=CNC3=C2C=CC=C3)NC(=O)[C@H](CC2=CC=CC=C2)NC(=O)[C@H](CSSC[C@H](NC1=O)C(=O)N[C@H](CO)[C@@H](C)O)NC(=O)[C@H](N)CC1=CC=CC=C1)[C@@H](C)O,Carrier,Protein,Humans,Binder,ALB,P02768,Homo sapiens,MKWVTFISLLFLFSSAYSRGVFRRDAHKSEVAHRFKDLGEENFKALVLIAFAQYLQQCPFEDHVKLVNEVTEFAKTCVADESAENCDKSLHTLFGDKLCTVATLRETYGEMADCCAKQEPERNECFLQHKDDNPNLPRLVRPEVDVMCTAFHDNEETFLKKYLYEIARRHPYFYAPELLFFAKRYKAAFTECCQAADKAACLLPKLDELRDEGKASSAKQRLKCASLQKFGERAFKAWAVARLSQRFPKAEFAEVSKLVTDLTKVHTECCHGDLLECADDRADLAKYICENQDSISSKLKECCEKPLLEKSHCIAEVENDEMPADLPSLAADFVESKDVCKNYAEAKDVFLGMFLYEYARRHPDYSVVLLLRLAKTYETTLEKCCAAADPHECYAKVFDEFKPLVEEPQNLIKQNCELFEQLGEYKFQNALLVRYTKKVPQVSTPTLVEVSRNLGKVGSKCCKHPEAKRMPCAEDYLSVVLNQLCVLHEKTPVSDRVTKCCTESLVNRRPCFSALEVDETYVPKEFNAETFTFHADICTLSEKERQIKKQTALVELVKHKPKATKEQLKAVMDDFAAFVEKCCKADDKETCFAEEGKKLVAASQAALGL
Pyridoxal phosphate,DB00114,,,CC1=NC=C(COP(O)(O)=O)C(C=O)=C1O,Target,Protein,Humans,Cofactor,AGXT2,Q9BYV1,Homo sapiens,MTLIWRHLLRPLCLVTSAPRILEMHPFLSLGTSRTSVTKLSLHTKPRMPPCDFMPERYQSLGYNRVLEIHKEHLSPVVTAYFQKPLLLHQGHMEWLFDAEGSRYLDFFSGIVTVSVGHCHPKVNAVAQKQLGRLWHTSTVFFHPPMHEYAEKLAALLPEPLKVIFLVNSGSEANELAMLMARAHSNNIDIISFRGAYHGCSPYTLGLTNVGTYKMELPGGTGCQPTMCPDVFRGPWGGSHCRDSPVQTIRKCSCAPDCCQAKDQYIEQFKDTLSTSVAKSIAGFFAEPIQGVNGVVQYPKGFLKEAFELVRARGGVCIADEVQTGFGRLGSHFWGFQTHDVLPDIVTMAKGIGNGFPMAAVITTPEIAKSLAKCLQHFNTFGGNPMACAIGSAVLEVIKEENLQENSQEVGTYMLLKFAKLRDEFEIVGDVRGKGLMIGIEMVQDKISCRPLPREEVNQIHEDCKHMGLLVGRGSIFSQTFRIAPSMCITKPEVDFAVEVFRSALTQHMERRAK
Pyridoxal phosphate,DB00114,,,CC1=NC=C(COP(O)(O)=O)C(C=O)=C1O,Target,Protein,Humans,Cofactor,GAD1,Q99259,Homo sapiens,MASSTPSSSATSSNAGADPNTTNLRPTTYDTWCGVAHGCTRKLGLKICGFLQRTNSLEEKSRLVSAFKERQSSKNLLSCENSDRDARFRRTETDFSNLFARDLLPAKNGEEQTVQFLLEVVDILLNYVRKTFDRSTKVLDFHHPHQLLEGMEGFNLELSDHPESLEQILVDCRDTLKYGVRTGHPRFFNQLSTGLDIIGLAGEWLTSTANTNMFTYEIAPVFVLMEQITLKKMREIVGWSSKDGDGIFSPGGAISNMYSIMAARYKYFPEVKTKGMAAVPKLVLFTSEQSHYSIKKAGAALGFGTDNVILIKCNERGKIIPADFEAKILEAKQKGYVPFYVNATAGTTVYGAFDPIQEIADICEKYNLWLHVDAAWGGGLLMSRKHRHKLNGIERANSVTWNPHKMMGVLLQCSAILVKEKGILQGCNQMCAGYLFQPDKQYDVSYDTGDKAIQCGRHVDIFKFWLMWKAKGTVGFENQINKCLELAEYLYAKIKNREEFEMVFNGEPEHTNVCFWYIPQSLRGVPDSPQRREKLHKVAPKIKALMMESGTTMVGYQPQGDKANFFRMVISNPAATQSDIDFLIEEIERLGQDL
Pyridoxal phosphate,DB00114,,,CC1=NC=C(COP(O)(O)=O)C(C=O)=C1O,Target,Protein,Humans,Cofactor,CBS,P35520,Homo sapiens,MPSETPQAEVGPTGCPHRSGPHSAKGSLEKGSPEDKEAKEPLWIRPDAPSRCTWQLGRPASESPHHHTAPAKSPKILPDILKKIGDTPMVRINKIGKKFGLKCELLAKCEFFNAGGSVKDRISLRMIEDAERDGTLKPGDTIIEPTSGNTGIGLALAAAVRGYRCIIVMPEKMSSEKVDVLRALGAEIVRTPTNARFDSPESHVGVAWRLKNEIPNSHILDQYRNASNPLAHYDTTADEILQQCDGKLDMLVASVGTGGTITGIARKLKEKCPGCRIIGVDPEGSILAEPEELNQTEQTTYEVEGIGYDFIPTVLDRTVVDKWFKSNDEEAFTFARMLIAQEGLLCGGSAGSTVAVAVKAAQELQEGQRCVVILPDSVRNYMTKFLSDRWMLQKGFLKEEDLTEKKPWWWHLRVQELGLSAPLTVLPTITCGHTIEILREKGFDQAPVVDEAGVILGMVTLGNMLSSLLAGKVQPSDQVGKVIYKQFKQIRLTDTLGRLSHILEMDHFALVVHEQIQYHSTGKSSQRQMVFGVVTAIDLLNFVAAQERDQK
Pyridoxal phosphate,DB00114,,,CC1=NC=C(COP(O)(O)=O)C(C=O)=C1O,Target,Protein,Humans,Cofactor,KYNU,Q16719,Homo sapiens,MEPSSLELPADTVQRIAAELKCHPTDERVALHLDEEDKLRHFRECFYIPKIQDLPPVDLSLVNKDENAIYFLGNSLGLQPKMVKTYLEEELDKWAKIAAYGHEVGKRPWITGDESIVGLMKDIVGANEKEIALMNALTVNLHLLMLSFFKPTPKRYKILLEAKAFPSDHYAIESQLQLHGLNIEESMRMIKPREGEETLRIEDILEVIEKEGDSIAVILFSGVHFYTGQHFNIPAITKAGQAKGCYVGFDLAHAVGNVELYLHDWGVDFACWCSYKYLNAGAGGIAGAFIHEKHAHTIKPALVGWFGHELSTRFKMDNKLQLIPGVCGFRISNPPILLVCSLHASLEIFKQATMKALRKKSVLLTGYLEYLIKHNYGKDKAATKKPVVNIITPSHVEERGCQLTITFSVPNKDVFQELEKRGVVCDKRNPNGIRVAPVPLYNSFHDVYKFTNLLTSILDSAETKN
Pyridoxal phosphate,DB00114,,,CC1=NC=C(COP(O)(O)=O)C(C=O)=C1O,Target,Protein,Humans,Cofactor,SHMT1,P34896,Homo sapiens,MTMPVNGAHKDADLWSSHDKMLAQPLKDSDVEVYNIIKKESNRQRVGLELIASENFASRAVLEALGSCLNNKYSEGYPGQRYYGGTEFIDELETLCQKRALQAYKLDPQCWGVNVQPYSGSPANFAVYTALVEPHGRIMGLDLPDGGHLTHGFMTDKKKISATSIFFESMPYKVNPDTGYINYDQLEENARLFHPKLIIAGTSCYSRNLEYARLRKIADENGAYLMADMAHISGLVAAGVVPSPFEHCHVVTTTTHKTLRGCRAGMIFYRKGVKSVDPKTGKEILYNLESLINSAVFPGLQGGPHNHAIAGVAVALKQAMTLEFKVYQHQVVANCRALSEALTELGYKIVTGGSDNHLILVDLRSKGTDGGRAEKVLEACSIACNKNTCPGDRSALRPSGLRLGTPALTSRGLLEKDFQKVAHFIHRGIELTLQIQSDTGVRATLKEFKERLAGDKYQAAVQALREEVESFASLFPLPGLPDF
Pyridoxal phosphate,DB00114,,,CC1=NC=C(COP(O)(O)=O)C(C=O)=C1O,Target,Protein,Humans,Cofactor,NFS1,Q9Y697,Homo sapiens,MLLRAAWRRAAVAVTAAPGPKPAAPTRGLRLRVGDRAPQSAVPADTAAAPEVGPVLRPLYMDVQATTPLDPRVLDAMLPYLINYYGNPHSRTHAYGWESEAAMERARQQVASLIGADPREIIFTSGATESNNIAIKGVARFYRSRKKHLITTQTEHKCVLDSCRSLEAEGFQVTYLPVQKSGIIDLKELEAAIQPDTSLVSVMTVNNEIGVKQPIAEIGRICSSRKVYFHTDAAQAVGKIPLDVNDMKIDLMSISGHKIYGPKGVGAIYIRRRPRVRVEALQSGGGQERGMRSGTVPTPLVVGLGAACEVAQQEMEYDHKRISKLSERLIQNIMKSLPDVVMNGDPKHHYPGCINLSFAYVEGESLLMALKDVALSSGSACTSASLEPSYVLRAIGTDEDLAHSSIRFGIGRFTTEEEVDYTVEKCIQHVKRLREMSPLWEMVQDGIDLKSIKWTQH
Pyridoxal phosphate,DB00114,,,CC1=NC=C(COP(O)(O)=O)C(C=O)=C1O,Target,Protein,Humans,Activator,GOT1,P17174,Homo sapiens,MAPPSVFAEVPQAQPVLVFKLTADFREDPDPRKVNLGVGAYRTDDCHPWVLPVVKKVEQKIANDNSLNHEYLPILGLAEFRSCASRLALGDDSPALKEKRVGGVQSLGGTGALRIGADFLARWYNGTNNKNTPVYVSSPTWENHNAVFSAAGFKDIRSYRYWDAEKRGLDLQGFLNDLENAPEFSIVVLHACAHNPTGIDPTPEQWKQIASVMKHRFLFPFFDSAYQGFASGNLERDAWAIRYFVSEGFEFFCAQSFSKNFGLYNERVGNLTVVGKEPESILQVLSQMEKIVRITWSNPPAQGARIVASTLSNPELFEEWTGNVKTMADRILTMRSELRARLEALKTPGTWNHITDQIGMFSFTGLNPKQVEYLVNEKHIYLLPSGRINVSGLTTKNLDYVATSIHEAVTKIQ
Pyridoxal phosphate,DB00114,,,CC1=NC=C(COP(O)(O)=O)C(C=O)=C1O,Target,Protein,Humans,Cofactor,OAT,P04181,Homo sapiens,MFSKLAHLQRFAVLSRGVHSSVASATSVATKKTVQGPPTSDDIFEREYKYGAHNYHPLPVALERGKGIYLWDVEGRKYFDFLSSYSAVNQGHCHPKIVNALKSQVDKLTLTSRAFYNNVLGEYEEYITKLFNYHKVLPMNTGVEAGETACKLARKWGYTVKGIQKYKAKIVFAAGNFWGRTLSAISSSTDPTSYDGFGPFMPGFDIIPYNDLPALERALQDPNVAAFMVEPIQGEAGVVVPDPGYLMGVRELCTRHQVLFIADEIQTGLARTGRWLAVDYENVRPDIVLLGKALSGGLYPVSAVLCDDDIMLTIKPGEHGSTYGGNPLGCRVAIAALEVLEEENLAENADKLGIILRNELMKLPSDVVTAVRGKGLLNAIVIKETKDWDAWKVCLRLRDNGLLAKPTHGDIIRFAPPLVIKEDELRESIEIINKTILSF
Pyridoxal phosphate,DB00114,,,CC1=NC=C(COP(O)(O)=O)C(C=O)=C1O,Target,Protein,Humans,Cofactor,ODC1,P11926,Homo sapiens,MNNFGNEEFDCHFLDEGFTAKDILDQKINEVSSSDDKDAFYVADLGDILKKHLRWLKALPRVTPFYAVKCNDSKAIVKTLAATGTGFDCASKTEIQLVQSLGVPPERIIYANPCKQVSQIKYAANNGVQMMTFDSEVELMKVARAHPKAKLVLRIATDDSKAVCRLSVKFGATLRTSRLLLERAKELNIDVVGVSFHVGSGCTDPETFVQAISDARCVFDMGAEVGFSMYLLDIGGGFPGSEDVKLKFEEITGVINPALDKYFPSDSGVRIIAEPGRYYVASAFTLAVNIIAKKIVLKEQTGSDDEDESSEQTFMYYVNDGVYGSFNCILYDHAHVKPLLQKRPKPDEKYYSSSIWGPTCDGLDRIVERCDLPEMHVGDWMLFENMGAYTVAAASTFNGFQRPTIYYVMSGPAWQLMQQFQNPDFPPEVEEQDASTLPVSCAWESGMKRHRAACASASINV
Pyridoxal phosphate,DB00114,,,CC1=NC=C(COP(O)(O)=O)C(C=O)=C1O,Target,Protein,Humans,Cofactor,AADAT,Q8N5Z0,Homo sapiens,MNYARFITAASAARNPSPIRTMTDILSRGPKSMISLAGGLPNPNMFPFKTAVITVENGKTIQFGEEMMKRALQYSPSAGIPELLSWLKQLQIKLHNPPTIHYPPSQGQMDLCVTSGSQQGLCKVFEMIINPGDNVLLDEPAYSGTLQSLHPLGCNIINVASDESGIVPDSLRDILSRWKPEDAKNPQKNTPKFLYTVPNGNNPTGNSLTSERKKEIYELARKYDFLIIEDDPYYFLQFNKFRVPTFLSMDVDGRVIRADSFSKIISSGLRIGFLTGPKPLIERVILHIQVSTLHPSTFNQLMISQLLHEWGEEGFMAHVDRVIDFYSNQKDAILAAADKWLTGLAEWHVPAAGMFLWIKVKGINDVKELIEEKAVKMGVLMLPGNAFYVDSSAPSPYLRASFSSASPEQMDVAFQVLAQLIKESL
Pyridoxal phosphate,DB00114,,,CC1=NC=C(COP(O)(O)=O)C(C=O)=C1O,Target,Protein,Humans,Inhibitor,ABAT,P80404,Homo sapiens,MASMLLAQRLACSFQHSYRLLVPGSRHISQAAAKVDVEFDYDGPLMKTEVPGPRSQELMKQLNIIQNAEAVHFFCNYEESRGNYLVDVDGNRMLDLYSQISSVPIGYSHPALLKLIQQPQNASMFVNRPALGILPPENFVEKLRQSLLSVAPKGMSQLITMACGSCSNENALKTIFMWYRSKERGQRGFSQEELETCMINQAPGCPDYSILSFMGAFHGRTMGCLATTHSKAIHKIDIPSFDWPIAPFPRLKYPLEEFVKENQQEEARCLEEVEDLIVKYRKKKKTVAGIIVEPIQSEGGDNHASDDFFRKLRDIARKHGCAFLVDEVQTGGGCTGKFWAHEHWGLDDPADVMTFSKKMMTGGFFHKEEFRPNAPYRIFNTWLGDPSKNLLLAEVINIIKREDLLNNAAHAGKALLTGLLDLQARYPQFISRVRGRGTFCSFDTPDDSIRNKLILIARNKGVVLGGCGDKSIRFRPTLVFRDHHAHLFLNIFSDILADFK
Pyridoxal phosphate,DB00114,,,CC1=NC=C(COP(O)(O)=O)C(C=O)=C1O,Target,Protein,Humans,Cofactor,PNPO,Q9NVS9,Homo sapiens,MTCWLRGVTATFGRPAEWPGYLSHLCGRSAAMDLGPMRKSYRGDREAFEETHLTSLDPVKQFAAWFEEAVQCPDIGEANAMCLATCTRDGKPSARMLLLKGFGKDGFRFFTNFESRKGKELDSNPFASLVFYWEPLNRQVRVEGPVKKLPEEEAECYFHSRPKSSQIGAVVSHQSSVIPDREYLRKKNEELEQLYQDQEVPKPKSWGGYVLYPQVMEFWQGQTNRLHDRIVFRRGLPTGDSPLGPMTHRGEEDWLYERLAP
Pyridoxal phosphate,DB00114,,,CC1=NC=C(COP(O)(O)=O)C(C=O)=C1O,Target,Protein,Humans,Cofactor,SGPL1,O95470,Homo sapiens,MPSTDLLMLKAFEPYLEILEVYSTKAKNYVNGHCTKYEPWQLIAWSVVWTLLIVWGYEFVFQPESLWSRFKKKCFKLTRKMPIIGRKIQDKLNKTKDDISKNMSFLKVDKEYVKALPSQGLSSSAVLEKLKEYSSMDAFWQEGRASGTVYSGEEKLTELLVKAYGDFAWSNPLHPDIFPGLRKIEAEIVRIACSLFNGGPDSCGCVTSGGTESILMACKAYRDLAFEKGIKTPEIVAPQSAHAAFNKAASYFGMKIVRVPLTKMMEVDVRAMRRAISRNTAMLVCSTPQFPHGVIDPVPEVAKLAVKYKIPLHVDACLGGFLIVFMEKAGYPLEHPFDFRVKGVTSISADTHKYGYAPKGSSLVLYSDKKYRNYQFFVDTDWQGGIYASPTIAGSRPGGISAACWAALMHFGENGYVEATKQIIKTARFLKSELENIKGIFVFGNPQLSVIALGSRDFDIYRLSNLMTAKGWNLNQLQFPPSIHFCITLLHARKRVAIQFLKDIRESVTQIMKNPKAKTTGMGAIYGMAQTTVDRNMVAELSSVFLDSLYSTDTVTQGSQMNGSPKPH
Pyridoxal phosphate,DB00114,,,CC1=NC=C(COP(O)(O)=O)C(C=O)=C1O,Target,Protein,Humans,Cofactor,TAT,P17735,Homo sapiens,MDPYMIQMSSKGNLPSILDVHVNVGGRSSVPGKMKGRKARWSVRPSDMAKKTFNPIRAIVDNMKVKPNPNKTMISLSIGDPTVFGNLPTDPEVTQAMKDALDSGKYNGYAPSIGFLSSREEIASYYHCPEAPLEAKDVILTSGCSQAIDLCLAVLANPGQNILVPRPGFSLYKTLAESMGIEVKLYNLLPEKSWEIDLKQLEYLIDEKTACLIVNNPSNPCGSVFSKRHLQKILAVAARQCVPILADEIYGDMVFSDCKYEPLATLSTDVPILSCGGLAKRWLVPGWRLGWILIHDRRDIFGNEIRDGLVKLSQRILGPCTIVQGALKSILCRTPGEFYHNTLSFLKSNADLCYGALAAIPGLRPVRPSGAMYLMVGIEMEHFPEFENDVEFTERLVAEQSVHCLPATCFEYPNFIRVVITVPEVMMLEACSRIQEFCEQHYHCAEGSQEECDK
Pyridoxal phosphate,DB00114,,,CC1=NC=C(COP(O)(O)=O)C(C=O)=C1O,Target,Protein,Humans,Cofactor,CCBL1,Q16773,Homo sapiens,MAKQLQARRLDGIDYNPWVEFVKLASEHDVVNLGQGFPDFPPPDFAVEAFQHAVSGDFMLNQYTKTFGYPPLTKILASFFGELLGQEIDPLRNVLVTVGGYGALFTAFQALVDEGDEVIIIEPFFDCYEPMTMMAGGRPVFVSLKPGPIQNGELGSSSNWQLDPMELAGKFTSRTKALVLNTPNNPLGKVFSREELELVASLCQQHDVVCITDEVYQWMVYDGHQHISIASLPGMWERTLTIGSAGKTFSATGWKVGWVLGPDHIMKHLRTVHQNSVFHCPTQSQAAVAESFEREQLLFRQPSSYFVQFPQAMQRCRDHMIRSLQSVGLKPIIPQGSYFLITDISDFKRKMPDLPGAVDEPYDRRFVKWMIKNKGLVAIPVSIFYSVPHQKHFDHYIRFCFVKDEATLQAMDEKLRKWKVEL
Pyridoxal phosphate,DB00114,,,CC1=NC=C(COP(O)(O)=O)C(C=O)=C1O,Target,Protein,Humans,Cofactor,PYGL,P06737,Homo sapiens,MAKPLTDQEKRRQISIRGIVGVENVAELKKSFNRHLHFTLVKDRNVATTRDYYFALAHTVRDHLVGRWIRTQQHYYDKCPKRVYYLSLEFYMGRTLQNTMINLGLQNACDEAIYQLGLDIEELEEIEEDAGLGNGGLGRLAACFLDSMATLGLAAYGYGIRYEYGIFNQKIRDGWQVEEADDWLRYGNPWEKSRPEFMLPVHFYGKVEHTNTGTKWIDTQVVLALPYDTPVPGYMNNTVNTMRLWSARAPNDFNLRDFNVGDYIQAVLDRNLAENISRVLYPNDNFFEGKELRLKQEYFVVAATLQDIIRRFKASKFGSTRGAGTVFDAFPDQVAIQLNDTHPALAIPELMRIFVDIEKLPWSKAWELTQKTFAYTNHTVLPEALERWPVDLVEKLLPRHLEIIYEINQKHLDRIVALFPKDVDRLRRMSLIEEEGSKRINMAHLCIVGSHAVNGVAKIHSDIVKTKVFKDFSELEPDKFQNKTNGITPRRWLLLCNPGLAELIAEKIGEDYVKDLSQLTKLHSFLGDDVFLRELAKVKQENKLKFSQFLETEYKVKINPSSMFDVQVKRIHEYKRQLLNCLHVITMYNRIKKDPKKLFVPRTVIIGGKAAPGYHMAKMIIKLITSVADVVNNDPMVGSKLKVIFLENYRVSLAEKVIPATDLSEQISTAGTEASGTGNMKFMLNGALTIGTMDGANVEMAEEAGEENLFIFGMRIDDVAALDKKGYEAKEYYEALPELKLVIDQIDNGFFSPKQPDLFKDIINMLFYHDRFKVFADYEAYVKCQDKVSQLYMNPKAWNTMVLKNIAASGKFSSDRTIKEYAQNIWNVEPSDLKISLSNESNKVNGN
Pyridoxal phosphate,DB00114,,,CC1=NC=C(COP(O)(O)=O)C(C=O)=C1O,Target,Protein,Humans,Cofactor,SPTLC2,O15270,Homo sapiens,MRPEPGGCCCRRTVRANGCVANGEVRNGYVRSSAAAAAAAAAGQIHHVTQNGGLYKRPFNEAFEETPMLVAVLTYVGYGVLTLFGYLRDFLRYWRIEKCHHATEREEQKDFVSLYQDFENFYTRNLYMRIRDNWNRPICSVPGARVDIMERQSHDYNWSFKYTGNIIKGVINMGSYNYLGFARNTGSCQEAAAKVLEEYGAGVCSTRQEIGNLDKHEELEELVARFLGVEAAMAYGMGFATNSMNIPALVGKGCLILSDELNHASLVLGARLSGATIRIFKHNNMQSLEKLLKDAIVYGQPRTRRPWKKILILVEGIYSMEGSIVRLPEVIALKKKYKAYLYLDEAHSIGALGPTGRGVVEYFGLDPEDVDVMMGTFTKSFGASGGYIGGKKELIDYLRTHSHSAVYATSLSPPVVEQIITSMKCIMGQDGTSLGKECVQQLAENTRYFRRRLKEMGFIIYGNEDSPVVPLMLYMPAKIGAFGREMLKRNIGVVVVGFPATPIIESRARFCLSAAHTKEILDTALKEIDEVGDLLQLKYSRHRLVPLLDRPFDETTYEETED
Pyridoxal phosphate,DB00114,,,CC1=NC=C(COP(O)(O)=O)C(C=O)=C1O,Target,Protein,Humans,Cofactor,CSAD,Q9Y600,Homo sapiens,MADSEALPSLAGDPVAVEALLRAVFGVVVDEAIQKGTSVSQKVCEWKEPEELKQLLDLELRSQGESQKQILERCRAVIRYSVKTGHPRFFNQLFSGLDPHALAGRIITESLNTSQYTYEIAPVFVLMEEEVLRKLRALVGWSSGDGIFCPGGSISNMYAVNLARYQRYPDCKQRGLRTLPPLALFTSKECHYSIQKGAAFLGLGTDSVRVVKADERGKMVPEDLERQIGMAEAEGAVPFLVSATSGTTVLGAFDPLEAIADVCQRHGLWLHVDAAWGGSVLLSQTHRHLLDGIQRADSVAWNPHKLLAAGLQCSALLLQDTSNLLKRCHGSQASYLFQQDKFYDVALDTGDKVVQCGRRVDCLKLWLMWKAQGDQGLERRIDQAFVLARYLVEEMKKREGFELVMEPEFVNVCFWFVPPSLRGKQESPDYHERLSKVAPVLKERMVKEGSMMIGYQPHGTRGNFFRVVVANSALTCADMDFLLNELERLGQDL
Pyridoxal phosphate,DB00114,,,CC1=NC=C(COP(O)(O)=O)C(C=O)=C1O,Target,Protein,Humans,Cofactor,HDC,P19113,Homo sapiens,MMEPEEYRERGREMVDYICQYLSTVRERRVTPDVQPGYLRAQLPESAPEDPDSWDSIFGDIERIIMPGVVHWQSPHMHAYYPALTSWPSLLGDMLADAINCLGFTWASSPACTELEMNVMDWLAKMLGLPEHFLHHHPSSQGGGVLQSTVSESTLIALLAARKNKILEMKTSEPDADESCLNARLVAYASDQAHSSVEKAGLISLVKMKFLPVDDNFSLRGEALQKAIEEDKQRGLVPVFVCATLGTTGVCAFDCLSELGPICAREGLWLHIDAAYAGTAFLCPEFRGFLKGIEYADSFTFNPSKWMMVHFDCTGFWVKDKYKLQQTFSVNPIYLRHANSGVATDFMHWQIPLSRRFRSVKLWFVIRSFGVKNLQAHVRHGTEMAKYFESLVRNDPSFEIPAKRHLGLVVFRLKGPNCLTENVLKEIAKAGRLFLIPATIQDKLIIRFTVTSQFTTRDDILRDWNLIRDAATLILSQHCTSQPSPRVGNLISQIRGARAWACGTSLQSVSGAGDDPVQARKIIKQPQRVGAGPMKRENGLHLETLLDPVDDCFSEEAPDATKHKLSSFLFSYLSVQTKKKTVRSLSCNSVPVSAQKPLPTEASVKNGGSSRVRIFSRFPEDMMMLKKSAFKKLIKFYSVPSFPECSSQCGLQLPCCPLQAMV
Pyridoxal phosphate,DB00114,,,CC1=NC=C(COP(O)(O)=O)C(C=O)=C1O,Target,Protein,Humans,Cofactor,AZIN2,Q96A70,Homo sapiens,MAGYLSESDFVMVEEGFSTRDLLKELTLGASQATTDEVAAFFVADLGAIVRKHFCFLKCLPRVRPFYAVKCNSSPGVLKVLAQLGLGFSCANKAEMELVQHIGIPASKIICANPCKQIAQIKYAAKHGIQLLSFDNEMELAKVVKSHPSAKMVLCIATDDSHSLSCLSLKFGVSLKSCRHLLENAKKHHVEVVGVSFHIGSGCPDPQAYAQSIADARLVFEMGTELGHKMHVLDLGGGFPGTEGAKVRFEEIASVINSALDLYFPEGCGVDIFAELGRYYVTSAFTVAVSIIAKKEVLLDQPGREEENGSTSKTIVYHLDEGVYGIFNSVLFDNICPTPILQKKPSTEQPLYSSSLWGPAVDGCDCVAEGLWLPQLHVGDWLVFDNMGAYTVGMGSPFWGTQACHITYAMSRVAWEALRRQLMAAEQEDDVEGVCKPLSCGWEITDTLCVGPVFTPASIM
Pyridoxal phosphate,DB00114,,,CC1=NC=C(COP(O)(O)=O)C(C=O)=C1O,Target,Protein,Humans,Cofactor,SDS,P20132,Homo sapiens,MMSGEPLHVKTPIRDSMALSKMAGTSVYLKMDSAQPSGSFKIRGIGHFCKRWAKQGCAHFVCSSAGNAGMAAAYAARQLGVPATIVVPSTTPALTIERLKNEGATVKVVGELLDEAFELAKALAKNNPGWVYIPPFDDPLIWEGHASIVKELKETLWEKPGAIALSVGGGGLLCGVVQGLQEVGWGDVPVIAMETFGAHSFHAATTAGKLVSLPKITSVAKALGVKTVGAQALKLFQEHPIFSEVISDQEAVAAIEKFVDDEKILVEPACGAALAAVYSHVIQKLQLEGNLRTPLPSLVVIVCGGSNISLAQLRALKEQLGMTNRLPK
Pyridoxal phosphate,DB00114,,,CC1=NC=C(COP(O)(O)=O)C(C=O)=C1O,Target,Protein,Humans,Cofactor,GCAT,O75600,Homo sapiens,MWPGNAWRAALFWVPRGRRAQSALAQLRGILEGELEGIRGAGTWKSERVITSRQGPHIRVDGVSGGILNFCANNYLGLSSHPEVIQAGLQALEEFGAGLSSVRFICGTQSIHKNLEAKIARFHQREDAILYPSCYDANAGLFEALLTPEDAVLSDELNHASIIDGIRLCKAHKYRYRHLDMADLEAKLQEAQKHRLRLVATDGAFSMDGDIAPLQEICCLASRYGALVFMDECHATGFLGPTGRGTDELLGVMDQVTIINSTLGKALGGASGGYTTGPGPLVSLLRQRARPYLFSNSLPPAVVGCASKALDLLMGSNTIVQSMAAKTQRFRSKMEAAGFTISGASHPICPVMLGDARLASRMADDMLKRGIFVIGFSYPVVPKGKARIRVQISAVHSEEDIDRCVEAFVEVGRLHGALP
Pyridoxal phosphate,DB00114,,,CC1=NC=C(COP(O)(O)=O)C(C=O)=C1O,Target,Protein,Humans,Cofactor,GLDC,P23378,Homo sapiens,MQSCARAWGLRLGRGVGGGRRLAGGSGPCWAPRSRDSSSGGGDSAAAGASRLLERLLPRHDDFARRHIGPGDKDQREMLQTLGLASIDELIEKTVPANIRLKRPLKMEDPVCENEILATLHAISSKNQIWRSYIGMGYYNCSVPQTILRNLLENSGWITQYTPYQPEVSQGRLESLLNYQTMVCDITGLDMANASLLDEGTAAAEALQLCYRHNKRRKFLVDPRCHPQTIAVVQTRAKYTGVLTELKLPCEMDFSGKDVSGVLFQYPDTEGKVEDFTELVERAHQSGSLACCATDLLALCILRPPGEFGVDIALGSSQRFGVPLGYGGPHAAFFAVRESLVRMMPGRMVGVTRDATGKEVYRLALQTREQHIRRDKATSNICTAQALLANMAAMFAIYHGSHGLEHIARRVHNATLILSEGLKRAGHQLQHDLFFDTLKIQCGCSVKEVLGRAAQRQINFRLFEDGTLGISLDETVNEKDLDDLLWIFGCESSAELVAESMGEECRGIPGSVFKRTSPFLTHQVFNSYHSETNIVRYMKKLENKDISLVHSMIPLGSCTMKLNSSSELAPITWKEFANIHPFVPLDQAQGYQQLFRELEKDLCELTGYDQVCFQPNSGAQGEYAGLATIRAYLNQKGEGHRTVCLIPKSAHGTNPASAHMAGMKIQPVEVDKYGNIDAVHLKAMVDKHKENLAAIMITYPSTNGVFEENISDVCDLIHQHGGQVYLDGANMNAQVGICRPGDFGSDVSHLNLHKTFCIPHGGGGPGMGPIGVKKHLAPFLPNHPVISLKRNEDACPVGTVSAAPWGSSSILPISWAYIKMMGGKGLKQATETAILNANYMAKRLETHYRILFRGARGYVGHEFILDTRPFKKSANIEAVDVAKRLQDYGFHAPTMSWPVAGTLMVEPTESEDKAELDRFCDAMISIRQEIADIEEGRIDPRVNPLKMSPHSLTCVTSSHWDRPYSREVAAFPLPFVKPENKFWPTIARIDDIYGDQHLVCTCPPMEVYESPFSEQKRASS
Pyridoxal phosphate,DB00114,,,CC1=NC=C(COP(O)(O)=O)C(C=O)=C1O,Target,Protein,Humans,Cofactor,GPT,P24298,Homo sapiens,MASSTGDRSQAVRHGLRAKVLTLDGMNPRVRRVEYAVRGPIVQRALELEQELRQGVKKPFTEVIRANIGDAQAMGQRPITFLRQVLALCVNPDLLSSPNFPDDAKKRAERILQACGGHSLGAYSVSSGIQLIREDVARYIERRDGGIPADPNNVFLSTGASDAIVTVLKLLVAGEGHTRTGVLIPIPQYPLYSATLAELGAVQVDYYLDEERAWALDVAELHRALGQARDHCRPRALCVINPGNPTGQVQTRECIEAVIRFAFEERLFLLADEVYQDNVYAAGSQFHSFKKVLMEMGPPYAGQQELASFHSTSKGYMGECGFRGGYVEVVNMDAAVQQQMLKLMSVRLCPPVPGQALLDLVVSPPAPTDPSFAQFQAEKQAVLAELAAKAKLTEQVFNEAPGISCNPVQGAMYSFPRVQLPPRAVERAQELGLAPDMFFCLRLLEETGICVVPGSGFGQREGTYHFRMTILPPLEKLRLLLEKLSRFHAKFTLEYS
Pyridoxal phosphate,DB00114,,,CC1=NC=C(COP(O)(O)=O)C(C=O)=C1O,Target,Protein,Humans,Cofactor,PSAT1,Q9Y617,Homo sapiens,MDAPRQVVNFGPGPAKLPHSVLLEIQKELLDYKGVGISVLEMSHRSSDFAKIINNTENLVRELLAVPDNYKVIFLQGGGCGQFSAVPLNLIGLKAGRCADYVVTGAWSAKAAEEAKKFGTINIVHPKLGSYTKIPDPSTWNLNPDASYVYYCANETVHGVEFDFIPDVKGAVLVCDMSSNFLSKPVDVSKFGVIFAGAQKNVGSAGVTVVIVRDDLLGFALRECPSVLEYKVQAGNSSLYNTPPCFSIYVMGLVLEWIKNNGGAAAMEKLSSIKSQTIYEIIDNSQGFYVCPVEPQNRSKMNIPFRIGNAKGDDALEKRFLDKALELNMLSLKGHRSVGGIRASLYNAVTIEDVQKLAAFMKKFLEMHQL
Pyridoxal phosphate,DB00114,,,CC1=NC=C(COP(O)(O)=O)C(C=O)=C1O,Target,Protein,Humans,Cofactor,ALAS1,P13196,Homo sapiens,MESVVRRCPFLSRVPQAFLQKAGKSLLFYAQNCPKMMEVGAKPAPRALSTAAVHYQQIKETPPASEKDKTAKAKVQQTPDGSQQSPDGTQLPSGHPLPATSQGTASKCPFLAAQMNQRGSSVFCKASLELQEDVQEMNAVRKEVAETSAGPSVVSVKTDGGDPSGLLKNFQDIMQKQRPERVSHLLQDNLPKSVSTFQYDRFFEKKIDEKKNDHTYRVFKTVNRRAHIFPMADDYSDSLITKKQVSVWCSNDYLGMSRHPRVCGAVMDTLKQHGAGAGGTRNISGTSKFHVDLERELADLHGKDAALLFSSCFVANDSTLFTLAKMMPGCEIYSDSGNHASMIQGIRNSRVPKYIFRHNDVSHLRELLQRSDPSVPKIVAFETVHSMDGAVCPLEELCDVAHEFGAITFVDEVHAVGLYGARGGGIGDRDGVMPKMDIISGTLGKAFGCVGGYIASTSSLIDTVRSYAAGFIFTTSLPPMLLAGALESVRILKSAEGRVLRRQHQRNVKLMRQMLMDAGLPVVHCPSHIIPVRVADAAKNTEVCDELMSRHNIYVQAINYPTVPRGEELLRIAPTPHHTPQMMNYFLENLLVTWKQVGLELKPHSSAECNFCRRPLHFEVMSEREKSYFSGLSKLVSAQA
Pyridoxal phosphate,DB00114,,,CC1=NC=C(COP(O)(O)=O)C(C=O)=C1O,Target,Protein,Humans,Cofactor,AGXT,P21549,Homo sapiens,MASHKLLVTPPKALLKPLSIPNQLLLGPGPSNLPPRIMAAGGLQMIGSMSKDMYQIMDEIKEGIQYVFQTRNPLTLVISGSGHCALEAALVNVLEPGDSFLVGANGIWGQRAVDIGERIGARVHPMTKDPGGHYTLQEVEEGLAQHKPVLLFLTHGESSTGVLQPLDGFGELCHRYKCLLLVDSVASLGGTPLYMDRQGIDILYSGSQKALNAPPGTSLISFSDKAKKKMYSRKTKPFSFYLDIKWLANFWGCDDQPRMYHHTIPVISLYSLRESLALIAEQGLENSWRQHREAAAYLHGRLQALGLQLFVKDPALRLPTVTTVAVPAGYDWRDIVSYVIDHFDIEIMGGLGPSTGKVLRIGLLGCNATRENVDRVTEALRAALQHCPKKKL
Pyridoxal phosphate,DB00114,,,CC1=NC=C(COP(O)(O)=O)C(C=O)=C1O,Target,Protein,Humans,Cofactor,PDXP,Q96GD0,Homo sapiens,MARCERLRGAALRDVLGRAQGVLFDCDGVLWNGERAVPGAPELLERLARAGKAALFVSNNSRRARPELALRFARLGFGGLRAEQLFSSALCAARLLRQRLPGPPDAPGAVFVLGGEGLRAELRAAGLRLAGDPSAGDGAAPRVRAVLVGYDEHFSFAKLREACAHLRDPECLLVATDRDPWHPLSDGSRTPGTGSLAAAVETASGRQALVVGKPSPYMFECITENFSIDPARTLMVGDRLETDILFGHRCGMTTVLTLTGVSRLEEAQAYLAAGQHDLVPHYYVESIADLTEGLED
Pyridoxal phosphate,DB00114,,,CC1=NC=C(COP(O)(O)=O)C(C=O)=C1O,Target,Protein,Humans,Cofactor,SPTLC1,O15269,Homo sapiens,MATATEQWVLVEMVQALYEAPAYHLILEGILILWIIRLLFSKTYKLQERSDLTVKEKEELIEEWQPEPLVPPVPKDHPALNYNIVSGPPSHKTVVNGKECINFASFNFLGLLDNPRVKAAALASLKKYGVGTCGPRGFYGTFDVHLDLEDRLAKFMKTEEAIIYSYGFATIASAIPAYSKRGDIVFVDRAACFAIQKGLQASRSDIKLFKHNDMADLERLLKEQEIEDQKNPRKARVTRRFIVVEGLYMNTGTICPLPELVKLKYKYKARIFLEESLSFGVLGEHGRGVTEHYGINIDDIDLISANMENALASIGGFCCGRSFVIDHQRLSGQGYCFSASLPPLLAAAAIEALNIMEENPGIFAVLKEKCGQIHKALQGISGLKVVGESLSPAFHLQLEESTGSREQDVRLLQEIVDQCMNRSIALTQARYLEKEEKCLPPPSIRVVVTVEQTEEELERAASTIKEVAQAVLL
Pyridoxal phosphate,DB00114,,,CC1=NC=C(COP(O)(O)=O)C(C=O)=C1O,Target,Protein,Humans,Cofactor,CTH,P32929,Homo sapiens,MQEKDASSQGFLPHFQHFATQAIHVGQDPEQWTSRAVVPPISLSTTFKQGAPGQHSGFEYSRSGNPTRNCLEKAVAALDGAKYCLAFASGLAATVTITHLLKAGDQIICMDDVYGGTNRYFRQVASEFGLKISFVDCSKIKLLEAAITPETKLVWIETPTNPTQKVIDIEGCAHIVHKHGDIILVVDNTFMSPYFQRPLALGADISMYSATKYMNGHSDVVMGLVSVNCESLHNRLRFLQNSLGAVPSPIDCYLCNRGLKTLHVRMEKHFKNGMAVAQFLESNPWVEKVIYPGLPSHPQHELVKRQCTGCTGMVTFYIKGTLQHAEIFLKNLKLFTLAESLGGFESLAELPAIMTHASVLKNDRDVLGISDTLIRLSVGLEDEEDLLEDLDQALKAAHPPSGSHS
Pyridoxal phosphate,DB00114,,,CC1=NC=C(COP(O)(O)=O)C(C=O)=C1O,Target,Protein,Humans,Cofactor,BCAT1,P54687,Homo sapiens,MKDCSNGCSAECTGEGGSKEVVGTFKAKDLIVTPATILKEKPDPNNLVFGTVFTDHMLTVEWSSEFGWEKPHIKPLQNLSLHPGSSALHYAVELFEGLKAFRGVDNKIRLFQPNLNMDRMYRSAVRATLPVFDKEELLECIQQLVKLDQEWVPYSTSASLYIRPTFIGTEPSLGVKKPTKALLFVLLSPVGPYFSSGTFNPVSLWANPKYVRAWKGGTGDCKMGGNYGSSLFAQCEAVDNGCQQVLWLYGEDHQITEVGTMNLFLYWINEDGEEELATPPLDGIILPGVTRRCILDLAHQWGEFKVSERYLTMDDLTTALEGNRVREMFGSGTACVVCPVSDILYKGETIHIPTMENGPKLASRILSKLTDIQYGREESDWTIVLS
Pyridoxal phosphate,DB00114,,,CC1=NC=C(COP(O)(O)=O)C(C=O)=C1O,Target,Protein,Humans,Cofactor,BCAT2,O15382,Homo sapiens,MAAAALGQIWARKLLSVPWLLCGPRRYASSSFKAADLQLEMTQKPHKKPGPGEPLVFGKTFTDHMLMVEWNDKGWGQPRIQPFQNLTLHPASSSLHYSLQLFEGMKAFKGKDQQVRLFRPWLNMDRMLRSAMRLCLPSFDKLELLECIRRLIEVDKDWVPDAAGTSLYVRPVLIGNEPSLGVSQPTRALLFVILCPVGAYFPGGSVTPVSLLADPAFIRAWVGGVGNYKLGGNYGPTVLVQQEALKRGCEQVLWLYGPDHQLTEVGTMNIFVYWTHEDGVLELVTPPLNGVILPGVVRQSLLDMAQTWGEFRVVERTITMKQLLRALEEGRVREVFGSGTACQVCPVHRILYKDRNLHIPTMENGPELILRFQKELKEIQYGIRAHEWMFPV
Pyridoxal phosphate,DB00114,,,CC1=NC=C(COP(O)(O)=O)C(C=O)=C1O,Target,Protein,Humans,Binder,PROSC,O94903,Homo sapiens,MWRAGSMSAELGVGCALRAVNERVQQAVARRPRDLPAIQPRLVAVSKTKPADMVIEAYGHGQRTFGENYVQELLEKASNPKILSLCPEIKWHFIGHLQKQNVNKLMAVPNLFMLETVDSVKLADKVNSSWQRKGSPERLKVMVQINTSGEESKHGLPPSETIAIVEHINAKCPNLEFVGLMTIGSFGHDLSQGPNPDFQLLLSLREELCKKLNIPADQVELSMGMSADFQHAVEVGSTNVRIGSTIFGERDYSKKPTPDKCAADVKAPLEVAQEH
Pyridoxal phosphate,DB00114,,,CC1=NC=C(COP(O)(O)=O)C(C=O)=C1O,Target,Protein,Humans,Cofactor,GOT2,P00505,Homo sapiens,MALLHSGRVLPGIAAAFHPGLAAAASARASSWWTHVEMGPPDPILGVTEAFKRDTNSKKMNLGVGAYRDDNGKPYVLPSVRKAEAQIAAKNLDKEYLPIGGLAEFCKASAELALGENSEVLKSGRFVTVQTISGTGALRIGASFLQRFFKFSRDVFLPKPTWGNHTPIFRDAGMQLQGYRYYDPKTCGFDFTGAVEDISKIPEQSVLLLHACAHNPTGVDPRPEQWKEIATVVKKRNLFAFFDMAYQGFASGDGDKDAWAVRHFIEQGINVCLCQSYAKNMGLYGERVGAFTMVCKDADEAKRVESQLKILIRPMYSNPPLNGARIAAAILNTPDLRKQWLQEVKVMADRIIGMRTQLVSNLKKEGSTHNWQHITDQIGMFCFTGLKPEQVERLIKEFSIYMTKDGRISVAGVTSSNVGYLAHAIHQVTK
Pyridoxal phosphate,DB00114,,,CC1=NC=C(COP(O)(O)=O)C(C=O)=C1O,Target,Protein,Humans,Cofactor,PYGB,P11216,Homo sapiens,MAKPLTDSEKRKQISVRGLAGLGDVAEVRKSFNRHLHFTLVKDRNVATPRDYFFALAHTVRDHLVGRWIRTQQHYYERDPKRIYYLSLEFYMGRTLQNTMVNLGLQNACDEAIYQLGLDLEELEEIEEDAGLGNGGLGRLAACFLDSMATLGLAAYGYGIRYEFGIFNQKIVNGWQVEEADDWLRYGNPWEKARPEYMLPVHFYGRVEHTPDGVKWLDTQVVLAMPYDTPVPGYKNNTVNTMRLWSAKAPNDFKLQDFNVGDYIEAVLDRNLAENISRVLYPNDNFFEGKELRLKQEYFVVAATLQDIIRRFKSSKFGCRDPVRTCFETFPDKVAIQLNDTHPALSIPELMRILVDVEKVDWDKAWEITKKTCAYTNHTVLPEALERWPVSMFEKLLPRHLEIIYAINQRHLDHVAALFPGDVDRLRRMSVIEEGDCKRINMAHLCVIGSHAVNGVARIHSEIVKQSVFKDFYELEPEKFQNKTNGITPRRWLLLCNPGLADTIVEKIGEEFLTDLSQLKKLLPLVSDEVFIRDVAKVKQENKLKFSAFLEKEYKVKINPSSMFDVHVKRIHEYKRQLLNCLHVVTLYNRIKRDPAKAFVPRTVMIGGKAAPGYHMAKLIIKLVTSIGDVVNHDPVVGDRLKVIFLENYRVSLAEKVIPAADLSQQISTAGTEASGTGNMKFMLNGALTIGTMDGANVEMAEEAGAENLFIFGLRVEDVEALDRKGYNAREYYDHLPELKQAVDQISSGFFSPKEPDCFKDIVNMLMHHDRFKVFADYEAYMQCQAQVDQLYRNPKEWTKKVIRNIACSGKFSSDRTITEYAREIWGVEPSDLQIPPPNIPRD
Pyridoxal phosphate,DB00114,,,CC1=NC=C(COP(O)(O)=O)C(C=O)=C1O,Target,Protein,Humans,Cofactor,PYGM,P11217,Homo sapiens,MSRPLSDQEKRKQISVRGLAGVENVTELKKNFNRHLHFTLVKDRNVATPRDYYFALAHTVRDHLVGRWIRTQQHYYEKDPKRIYYLSLEFYMGRTLQNTMVNLALENACDEATYQLGLDMEELEEIEEDAGLGNGGLGRLAACFLDSMATLGLAAYGYGIRYEFGIFNQKISGGWQMEEADDWLRYGNPWEKARPEFTLPVHFYGHVEHTSQGAKWVDTQVVLAMPYDTPVPGYRNNVVNTMRLWSAKAPNDFNLKDFNVGGYIQAVLDRNLAENISRVLYPNDNFFEGKELRLKQEYFVVAATLQDIIRRFKSSKFGCRDPVRTNFDAFPDKVAIQLNDTHPSLAIPELMRILVDLERMDWDKAWDVTVRTCAYTNHTVLPEALERWPVHLLETLLPRHLQIIYEINQRFLNRVAAAFPGDVDRLRRMSLVEEGAVKRINMAHLCIAGSHAVNGVARIHSEILKKTIFKDFYELEPHKFQNKTNGITPRRWLVLCNPGLAEVIAERIGEDFISDLDQLRKLLSFVDDEAFIRDVAKVKQENKLKFAAYLEREYKVHINPNSLFDIQVKRIHEYKRQLLNCLHVITLYNRIKREPNKFFVPRTVMIGGKAAPGYHMAKMIIRLVTAIGDVVNHDPAVGDRLRVIFLENYRVSLAEKVIPAADLSEQISTAGTEASGTGNMKFMLNGALTIGTMDGANVEMAEEAGEENFFIFGMRVEDVDKLDQRGYNAQEYYDRIPELRQVIEQLSSGFFSPKQPDLFKDIVNMLMHHDRFKVFADYEDYIKCQEKVSALYKNPREWTRMVIRNIATSGKFSSDRTIAQYAREIWGVEPSRQRLPAPDEAI
Pyridoxal phosphate,DB00114,,,CC1=NC=C(COP(O)(O)=O)C(C=O)=C1O,Target,Protein,Humans,Cofactor,DDC,P20711,Homo sapiens,MNASEFRRRGKEMVDYMANYMEGIEGRQVYPDVEPGYLRPLIPAAAPQEPDTFEDIINDVEKIIMPGVTHWHSPYFFAYFPTASSYPAMLADMLCGAIGCIGFSWAASPACTELETVMMDWLGKMLELPKAFLNEKAGEGGGVIQGSASEATLVALLAARTKVIHRLQAASPELTQAAIMEKLVAYSSDQAHSSVERAGLIGGVKLKAIPSDGNFAMRASALQEALERDKAAGLIPFFMVATLGTTTCCSFDNLLEVGPICNKEDIWLHVDAAYAGSAFICPEFRHLLNGVEFADSFNFNPHKWLLVNFDCSAMWVKKRTDLTGAFRLDPTYLKHSHQDSGLITDYRHWQIPLGRRFRSLKMWFVFRMYGVKGLQAYIRKHVQLSHEFESLVRQDPRFEICVEVILGLVCFRLKGSNKVNEALLQRINSAKKIHLVPCHLRDKFVLRFAICSRTVESAHVQRAWEHIKELAADVLRAERE
Pyridoxal phosphate,DB00114,,,CC1=NC=C(COP(O)(O)=O)C(C=O)=C1O,Target,Protein,Humans,Cofactor,GIG18,Q2TU84,Homo sapiens,MAPPSVFAEVPQAQPVLVFKLTADFREDPDPRKVNLGVGAYRTDDCHPWVLPVVKKVEQKIANDNSLNHEYLPILGLAEFRSCASRLALEDDSPALKEKRVGGVQSLGGTGALRIGADFLARWYNGTNNKNTPVYVSSPTWENHNAVFSAAGFKDIRSYRYWDAEKRGLDLQGFLNDLENAPEFSIVVLHACAHNPTGIDPTPEQWKQIASVMKHRFLFPFFDSAYQGFASGNLERDAWAIRYFVSEGFEFFCAQSFSKNFGLYNERVGNLTVVGKEPESILQVLSQMEKIVRITWSNPPAQGARIVASTLSNPELFEEWTGNVKTMADRILTMRSELRARLEALKTPGTWNHITDQIGMFSFTGLNPKQVEYLVNEKHIYLLPSGRINVSGLTTKNLDYVATSIHEAVTKIQ
Pyridoxal phosphate,DB00114,,,CC1=NC=C(COP(O)(O)=O)C(C=O)=C1O,Target,Protein,Humans,Cofactor,Not Available,Q53ET4,Homo sapiens,MLYFSLFWAARPLQRCGQLVRMAIRAQHSNAAQTQTGEANRGWTGQESLSDSDPEMWELLQREKDRQCRGLELIASENFCSRAALEALGSCLNNKYSEGYPGKRYYGGAEVVDEIELLCQRRALEAFDLDPAQWGVNVQPYSGSPANLAVYTALLQPHDRIMGLDLPDGGHLTHGYMSDVKRISATSIFFESMPYKLNPKTGLIDYNQLALTARLFRPRLIIAGTSAYARLIDYARMREVCDEVKAHLLADMAHISGLVAAKVIPSPFKHADIVTTTTHKTLRGARSGLIFYRKGVKAVDPKTGREIPYTFEDRINFAVFPSLQGGPHNHAIAAVAVALKQACTPMFREYSLQVLKNARAMADALLERGYSLVSGGTDNHLVLVDLRPKGLDGARAERVLELVSITANKNTCPGDRSAITPGGLRLGAPALTSRQFHEDDFRRVVDFIDEGVNIGLEVKSKTAKLQDFKSFLLKDSETSQRLANLRQRVEQFARAFPMPGFDEH
Pyridoxal phosphate,DB00114,,,CC1=NC=C(COP(O)(O)=O)C(C=O)=C1O,Target,Protein,Humans,Cofactor,Not Available,Q59FK2,Homo sapiens,FSNPFCGETFPRKPDLKGTHRWAPQPSEGGQAPFHYFLGGTRLHPAAPGAPGGRTSGSLLNVKMMKMKTFMMICFHLINTVTFVPVSKVSGQTEVDDILAAVRPTTRLVTIMLANNETGIVMPVPEISQRIKALNQERVAAGLPPILVHTDAAQALGKQRVDVEDLGVDFLTIVGHKFYGPRIGALYIRGLGEFTPLYPMLFGGGQERNFRPGTENTPMIAGLGKVSPGELEEMS
Pyridoxal phosphate,DB00114,,,CC1=NC=C(COP(O)(O)=O)C(C=O)=C1O,Target,Protein,Humans,Cofactor,Not Available,Q59GM9,Homo sapiens,IPAFACAAAFLLHLFSSASAGAMAKPLTDSEKRKQISVRGLAGLGDVAEVRKSFNRHLHFTLVKDRNVATPRDYFFALAHTVRDHLVGRWIRTQQHYYERDPKRIYYLSLEFYMGRTLQNTMVNLGLQNACDEAIYQLGLDLEELEEIEEDAGLGNGGLGRLAACFLDSMATLGLAAYGYGIRYEFGIFNQKIVNGWQVEEADDWLRYGNPWEKARPEYMLPVHFYGRVEHTPDGVKWLDTQVVLAMPYDTPVPGYKNNTVNTMRLWSAKAPNDFKLQDFNVGDYIEAVLDRNLAENISRVLYPNDNFFEGKELRLKQEYFVVASTLQDIIRRFKSSKFGCRDPVRTCFETFPDKVAIQLNDTHPALSIPELMRILVDVEKVDWDKAWEITKKTCAYTNHTVLPEALERWPVSMFEKLLPRHLEIIYAINQRHLDHVAALFPGDVDRLRRMSVIEEGDCKRINMAHLCVIGSHAVNGVARIHSEIVKQSVFKDFYELEPEKFQNKTNGITPRRWLLLCNPGLANTIVEKIGEEFLTDLSQLKKLLPLVSDEVFIRDVAKVKQENKLKFSAFLEKEYKVKINPSSMFDVHVKRIHEYKRQLLNCLHVVTLYNRIKRDPAKAFVPRTVMIGGKAAPGYHMAKLIIKLVTSIGDVVNHDPVVGDRLKVIFLENYRVSLAEKVIPAADLSQQISTAGTEASGTGNMKFMLNGALTIGTMDGANVEMAEEAGAENLFIFGLRVEDVEALDRKGYNAREYYDHLPELKQAVDQISSGFFSPKEPDCFKDIVNMLMHHDRFKVFADYEAYMQCQAQVDQLYRNPKEWTKKVIRNIACSGKFSSDRTITEYAREIWGVEPSDLQIPPPNIPRD
Pyridoxal phosphate,DB00114,,,CC1=NC=C(COP(O)(O)=O)C(C=O)=C1O,Target,Protein,Humans,Cofactor,ALAS1,Q5JAM2,Homo sapiens,MESVVRRCPFLSRVPQAFLQKAGKSLLFYAQNCPKMMEVGAKPAPRALSTAAVHYQQIKETPPASEKDKTAKAKVQQTPDGSQQSPDGTQLPSGHPLPATSQGTASKCPFLAAQMNQRGSSVFCKASLELQEDVQEMNAVRKEVAETSAGPSVVSVKTDGGDPSGLLKNFQDIMQKQRPERVSHLLQDNLPKSVSTFQYDRFFEKKIDEKKNDHTYRVFKTVNRRAHIFPMADDYSDSLITKKQVSVWCSNDYLGMSRHPRVCGAVMDTLKQHGAGAGGTRNISGTSKFHVDLERELADLHGKDAALLFSSCFVANDSTLFTLAKMMPGCEIYSDSGNHASMIQGIRNSRVPKYIFRHNDVSHLRELLQRSDPSVPKIVAFETVHSMDGAVCPLEELCDVAHEFGAITFVDEVHAVGLYGARGGGIGDRDGVMPKMDIISGTLGKAFGCVGGYIASTSSLIDTVRSYAAGFIFTTSLPPMLLAGALESVRILKSAEGRVLRRQHQRNVKLMRQMLMDAGLPVVHCPSHIIPVRVADAAKNTEVCDELMSRHNIYVQAINYPTVPRGEELLRIAPTPHHTPQMMNYFLENLLVTWKQVGLELKPHSSAECNFCRRPLHFEVMSEREKSYFSGLSKLVSAQA
Pyridoxal phosphate,DB00114,,,CC1=NC=C(COP(O)(O)=O)C(C=O)=C1O,Target,Protein,Humans,Cofactor,GAD2,Q5VZ30,Homo sapiens,MASPGSGFWSFGSEDGSGDSENPGTARAWCQVAQKFTGGIGNKLCALLYGDAEKPAESGGSQPPRAAARKAACACDQKPCSCSKVDVNYAFLHATDLLPACDGERPTLAFLQDVMNILLQYVVKSFDRSTKVIDFHYPNELLQEYNWELADQPQNLEEILMHCQTTLKYAIKTGHPRYFNQLSTGLDMVGLAADWLTSTANTNMFTYEIAPVFVLLEYVTLKKMREIIGWPGGSGDGIFSPGGAISNMYAMMIARFKMFPEVKEKGMAALPRLIAFTSEHSHFSLKKGAAALGIGTDSVILIKCDERGKMIPSDLERRILEAKQKGFVPFLVSATAGTTVYGAFDPLLAVADICKKYKIWMHVDAAWGGGLLMSRKHKWKLSGVERANSVTWNPHKMMGVPLQCSALLVREEGLMQNCNQMHASYLFQQDKHYDLSYDTGDKALQCGRHVDVFKLWLMWRAKGTTGFEAHVDKCLELAEYLYNIIKNREGYEMVFDGKPQHTNVCFWYIPPSLRTLEDNEERMSRLSKVAPVIKARMMEYGTTMVSYQPLGDKVNFFRMVISNPAATHQDIDFLIEEIERLGQDL
Pyridoxal phosphate,DB00114,,,CC1=NC=C(COP(O)(O)=O)C(C=O)=C1O,Target,Protein,Humans,Cofactor,DDC,Q6IBS8,Homo sapiens,MNASEFRRRGKEMVDYVANYMEGIEGRQVYPDVEPGYLRPLIPAAAPQEPDTFEDIINDVEKIIMPGVTHWHSPYFFAYFPTASSYPAMLADMLCGAIGCIGFSWAASPACTELETVMMDWLGKMLELPKAFLNEKAGEGGGVIQGSASEATLVALLAARTKVIHRLQAASPELTQAAIMEKLVAYSSDQAHSSVERAGLIGGVKLKAIPSDGNFAMRASALQEALERDKAAGLIPFFMVATLGTTTCCSFDNLLEVGPICNKEDIWLHVDAAYAGSAFICPEFRHLLNGVEFADSFNFNPHKWLLVNFDCSAMWVKKRTDLTGAFRLDPTYLKHSHQDSGLITDYRHWQIPLGRRFRSLKMWFVFRMYGVKGLQAYIRKHVQLSHEFESLVRQDPRFEICVEVILGLVCFRLKGSNKVNEALLQRINSAKKIHLVPCHLRDKFVLRFAICSRTVESAHVQRAWEHIKELAADVLRAERD
Pyridoxal phosphate,DB00114,,,CC1=NC=C(COP(O)(O)=O)C(C=O)=C1O,Target,Protein,Humans,Cofactor,CCBL2,Q6YP21,Homo sapiens,MFLAQRSLCSLSGRAKFLKTISSSKILGFSTSAKMSLKFTNAKRIEGLDSNVWIEFTKLAADPSVVNLGQGFPDISPPTYVKEELSKIAAIDSLNQYTRGFGHPSLVKALSYLYEKLYQKQIDSNKEILVTVGAYGSLFNTIQALIDEGDEVILIVPFYDCYEPMVRMAGATPVFIPLRSKPVYGKRWSSSDWTLDPQELESKFNSKTKAIILNTPHNPLGKVYNREELQVIADLCIKYDTLCISDEVYEWLVYSGNKHLKIATFPGMWERTITIGSAGKTFSVTGWKLGWSIGPNHLIKHLQTVQQNTIYTCATPLQEALAQAFWIDIKRMDDPECYFNSLPKELEVKRDRMVRLLESVGLKPIVPDGGYFIIADVSLLDPDLSDMKNNEPYDYKFVKWMTKHKKLSAIPVSAFCNSETKSQFEKFVRFCFIKKDSTLDAAEEIIKAWSVQKS
Pyridoxal phosphate,DB00114,,,CC1=NC=C(COP(O)(O)=O)C(C=O)=C1O,Target,Protein,Humans,Cofactor,GADL1,Q6ZQY3,Homo sapiens,MSSDSDRQCPVDGDIDQQEMIPSKKNAVLVDGVVLNGPTTDAKAGEKFVEEACRLIMEEVVLKATDVNEKVCEWRPPEQLKQLLDLEMRDSGEPPHKLLELCRDVIHYSVKTNHPRFFNQLYAGLDYYSLVARFMTEALNPSVYTYEVSPVFLLVEEAVLKKMIEFIGWKEGDGIFNPGGSVSNMYAMNLARYKYCPDIKEKGLSGSPRLILFTSAECHYSMKKAASFLGIGTENVCFVETDGRGKMIPEELEKQVWQARKEGAAPFLVCATSGTTVLGAFDPLDEIADICERHSLWLHVDASWGGSALMSRKHRKLLHGIHRADSVAWNPHKMLMAGIQCCALLVKDKSDLLKKCYSAKASYLFQQDKFYDVSYDTGDKSIQCSRRPDAFKFWMTWKALGTLGLEERVNRALALSRYLVDEIKKREGFKLLMEPEYANICFWYIPPSLREMEEGPEFWAKLNLVAPAIKERMMKKGSLMLGYQPHRGKVNFFRQVVISPQVSREDMDFLLDEIDLLGKDM
Pyridoxal phosphate,DB00114,,,CC1=NC=C(COP(O)(O)=O)C(C=O)=C1O,Target,Protein,Humans,Cofactor,SCLY,Q96I15,Homo sapiens,MEAAVAPGRDAPAPAASQPSGCGKHNSPERKVYMDYNATTPLEPEVIQAMTKAMWEAWGNPSSPYSAGRKAKDIINAARESLAKMIGGKPQDIIFTSGGTESNNLVIHSVVKHFHANQTSKGHTGGHHSPVKGAKPHFITSSVEHDSIRLPLEHLVEEQVAAVTFVPVSKVSGQAEVDDILAAVRPTTRLVTIMLANNETGIVMPVPEISQRIKALNQERVAAGLPPILVHTDAAQALGKQRVDVEDLGVDFLTIVGHKFYGPRIGALYIRGLGEFTPLYPMLFGGGQERNFRPGTENTPMIAGLGKAAELVTQNCEAYEAHMRDVRDYLEERLEAEFGQKRIHLNSQFPGTQRLPNTCNFSIRGPRLQGHVVLAQCRVLMASVGAACHSDHGDQPSPVLLSYGVPFDVARNALRLSVGRSTTRAEVDLVVQDLKQAVAQLEDQA
Pyridoxal phosphate,DB00114,,,CC1=NC=C(COP(O)(O)=O)C(C=O)=C1O,Target,Protein,Humans,Cofactor,IGSF10,Q6WRI0,Homo sapiens,MKVKGRGITCLLVSFAVICLVATPGGKACPRRCACYMPTEVHCTFRYLTSIPDSIPPNVERINLGYNSLVRLMETDFSGLTKLELLMLHSNGIHTIPDKTFSDLQALQVLKMSYNKVRKLQKDTFYGLRSLTRLHMDHNNIEFINPEVFYGLNFLRLVHLEGNQLTKLHPDTFVSLSYLQIFKISFIKFLYLSDNFLTSLPQEMVSYMPDLDSLYLHGNPWTCDCHLKWLSDWIQEKPDVIKCKKDRSPSSAQQCPLCMNPRTSKGKPLAMVSAAAFQCAKPTIDSSLKSKSLTILEDSSSAFISPQGFMAPFGSLTLNMTDQSGNEANMVCSIQKPSRTSPIAFTEENDYIVLNTSFSTFLVCNIDYGHIQPVWQILALYSDSPLILERSHLLSETPQLYYKYKQVAPKPEDIFTNIEADLRADPSWLMQDQISLQLNRTATTFSTLQIQYSSDAQITLPRAEMRPVKHKWTMISRDNNTKLEHTVLVGGTVGLNCPGQGDPTPHVDWLLADGSKVRAPYVSEDGRILIDKSGKLELQMADSFDTGVYHCISSNYDDADILTYRITVVEPLVEAYQENGIHHTVFIGETLDLPCHSTGIPDASISWVIPGNNVLYQSSRDKKVLNNGTLRILQVTPKDQGYYRCVAANPSGVDFLIFQVSVKMKGQRPLEHDGETEGSGLDESNPIAHLKEPPGAQLRTSALMEAEVGKHTSSTSKRHNYRELTLQRRGDSTHRRFRENRRHFPPSARRIDPQHWAALLEKAKKNAMPDKRENTTVSPPPVVTQLPNIPGEEDDSSGMLALHEEFMVPATKALNLPARTVTADSRTISDSPMTNINYGTEFSPVVNSQILPPEEPTDFKLSTAIKTTAMSKNINPTMSSQIQGTTNQHSSTVFPLLLGATEFQDSDQMGRGREHFQSRPPITVRTMIKDVNVKMLSSTTNKLLLESVNTTNSHQTSVREVSEPRHNHFYSHTTQILSTSTFPSDPHTAAHSQFPIPRNSTVNIPLFRRFGRQRKIGGRGRIISPYRTPVLRRHRYSIFRSTTRGSSEKSTTAFSATVLNVTCLSCLPRERLTTATAALSFPSAAPITFPKADIARVPSEESTTLVQNPLLLLENKPSVEKTTPTIKYFRTEISQVTPTGAVMTYAPTSIPMEKTHKVNASYPRVSSTNEAKRDSVITSSLSGAITKPPMTIIAITRFSRRKIPWQQNFVNNHNPKGRLRNQHKVSLQKSTAVMLPKTSPALPRDKVSPFHFTTLSTSVMQIPSNTLTTAHHTTTKTHNPGSLPTKKELPFPPLNPMLPSIISKDSSTKSIISTQTAIPATTPTFPASVITYETQTERSRAQTIQREQEPQKKNRTDPNISPDQSSGFTTPTAMTPPVLTTAETSVKPSVSAFTHSPPENTTGISSTISFHSRTLNLTDVIEELAQASTQTLKSTIASETTLSSKSHQSTTTRKAIIRHSTIPPFLSSSATLMPVPISPPFTQRAVTDNVATPISGLMTNTVVKLHESSRHNAKPQQLVAEVATSPKVHPNAKFTIGTTHFIYSNLLHSTPMPALTTVKSQNSKLTPSPWAENQFWHKPYSEIAEKGKKPEVSMLATTGLSEATTLVSDWDGQKNTKKSDFDKKPVQEATTSKLLPFDSLSRYIFEKPRIVGGKAASFTIPANSDAFLPCEAVGNPLPTIHWTRVPSGLDLSKRKQNSRVQVLPNGTLSIQRVEIQDRGQYLCSASNLFGTDHLHVTLSVVSYPPRILERRTKEITVHSGSTVELKCRAEGRPSPTVTWILANQTVVSESSQGSRQAVVTVDGTLVLHNLSIYDRGFYKCVASNPGGQDSLLVKIQVIAAPPVILEQRRQVIVGTWGESLKLPCTAKGTPQPSVYWVLSDGTEVKPLQFTNSKLFLFSNGTLYIRNLASSDRGTYECIATSSTGSERRVVMLTMEERVTSPRIEAASQKRTEVNFGDKLLLNCSATGEPKPQIMWRLPSKAVVDQQHRVGSWIHVYPNGSLFIGSVTEKDSGVYLCVARNKMGDDLILMHVSLRLKPAKIDHKQYFRKQVLHGKDFQVDCKASGSPVPEISWSLPDGTMINNAMQADDSGHRTRRYTLFNNGTLYFNKVGVAEEGDYTCYAQNTLGKDEMKVHLTVITAAPRIRQSNKTNKRIKAGDTAVLDCEVTGDPKPKIFWLLPSNDMISFSIDRYTFHANGSLTINKVKLLDSGEYVCVARNPSGDDTKMYKLDVVSKPPLINGLYTNRTVIKATAVRHSKKHFDCRAEGTPSPEVMWIMPDNIFLTAPYYGSRITVHKNGTLEIRNVRLSDSADFICVARNEGGESVLVVQLEVLEMLRRPTFRNPFNEKIVAQLGKSTALNCSVDGNPPPEIIWILPNGTRFSNGPQSYQYLIASNGSFIISKTTREDAGKYRCAARNKVGYIEKLVILEIGQKPVILTYAPGTVKGISGESLSLHCVSDGIPKPNIKWTMPSGYVVDRPQINGKYILHDNGTLVIKEATAYDRGNYICKAQNSVGHTLITVPVMIVAYPPRITNRPPRSIVTRTGAAFQLHCVALGVPKPEITWEMPDHSLLSTASKERTHGSEQLHLQGTLVIQNPQTSDSGIYKCTAKNPLGSDYAATYIQVI
Pyridoxal phosphate,DB00114,,,CC1=NC=C(COP(O)(O)=O)C(C=O)=C1O,Target,Protein,Humans,Cofactor,PHYKPL,Q8IUZ5,Homo sapiens,MAADQRPKADTLALRQRLISSSCRLFFPEDPVKIVRAQGQYMYDEQGAEYIDCISNVAHVGHCHPLVVQAAHEQNQVLNTNSRYLHDNIVDYAQRLSETLPEQLCVFYFLNSGSEANDLALRLARHYTGHQDVVVLDHAYHGHLSSLIDISPYKFRNLDGQKEWVHVAPLPDTYRGPYREDHPNPAMAYANEVKRVVSSAQEKGRKIAAFFAESLPSVGGQIIPPAGYFSQVAEHIRKAGGVFVADEIQVGFGRVGKHFWAFQLQGKDFVPDIVTMGKSIGNGHPVACVAATQPVARAFEATGVEYFNTFGGSPVSCAVGLAVLNVLEKEQLQDHATSVGSFLMQLLGQQKIKHPIVGDVRGVGLFIGVDLIKDEATRTPATEEAAYLVSRLKENYVLLSTDGPGRNILKFKPPMCFSLDNARQVVAKLDAILTDMEEKVRSCETLRLQP
Pyridoxal phosphate,DB00114,,,CC1=NC=C(COP(O)(O)=O)C(C=O)=C1O,Target,Protein,Humans,Cofactor,GAD1,Q8IVA8,Homo sapiens,MASSTPSSSATSSNAGADPNTTNLRPTTYDTWCGVAHGCTRKLGLKICGFLQRTNSLEEKSRLVSAFKERQSSKNLLSCENSDRDARFRRTETDFSNLFARDLLPAKNGEEQTVQFLLEVVDILLNYVRKTFDRSTKVLDFHHPHQLLEGMEGFNLELSDHPESLEQILVDCRDTLKYGVRTGHPRFFNQLSTGLDIIGLAGEWLTSTANTNMFTYEIAPVFVLMEQITLKKMREIVGWSSKDGDGIFSPGGAISNMYSIMAARYKYFPEVKTKGMAAVPKLVLFTSEQSRYSIKKAGAALGFGTDNVILIKCNERGEIIPADFEAKILEAKQKGYVPFYVNATAGTTVYGAFDPIQEIADICEKYNLWLHVDAAWGGGLLMSRKHRHKLNGIERANSVTWNPHKMMGVLLQCSAILVKEKGILQGCNQMCAGYLFQPDKQYDVSYDTGDKAIQCGRHVDIFKFWLMWKAKGTVGFENQINKCLELAEYLYAKIKNREEFEMVFNGEPEHTNVCFWYIPQSLRGVPDSPQRREKLHKVAPKIKALMMESGTTMVGYQPQGDKANFFRMVISNPAATQSDIDFLIEEIERLGQDL
Pyridoxal phosphate,DB00114,,,CC1=NC=C(COP(O)(O)=O)C(C=O)=C1O,Target,Protein,Humans,Cofactor,SHMT2,P34897,Homo sapiens,MLYFSLFWAARPLQRCGQLVRMAIRAQHSNAAQTQTGEANRGWTGQESLSDSDPEMWELLQREKDRQCRGLELIASENFCSRAALEALGSCLNNKYSEGYPGKRYYGGAEVVDEIELLCQRRALEAFDLDPAQWGVNVQPYSGSPANLAVYTALLQPHDRIMGLDLPDGGHLTHGYMSDVKRISATSIFFESMPYKLNPKTGLIDYNQLALTARLFRPRLIIAGTSAYARLIDYARMREVCDEVKAHLLADMAHISGLVAAKVIPSPFKHADIVTTTTHKTLRGARSGLIFYRKGVKAVDPKTGREIPYTFEDRINFAVFPSLQGGPHNHAIAAVAVALKQACTPMFREYSLQVLKNARAMADALLERGYSLVSGGTDNHLVLVDLRPKGLDGARAERVLELVSITANKNTCPGDRSAITPGGLRLGAPALTSRQFREDDFRRVVDFIDEGVNIGLEVKSKTAKLQDFKSFLLKDSETSQRLANLRQRVEQFARAFPMPGFDEH
Pyridoxal phosphate,DB00114,,,CC1=NC=C(COP(O)(O)=O)C(C=O)=C1O,Target,Protein,Humans,Cofactor,ALAS2,P22557,Homo sapiens,MVTAAMLLQCCPVLARGPTSLLGKVVKTHQFLFGIGRCPILATQGPNCSQIHLKATKAGGDSPSWAKGHCPFMLSELQDGKSKIVQKAAPEVQEDVKAFKTDLPSSLVSVSLRKPFSGPQEQEQISGKVTHLIQNNMPGNYVFSYDQFFRDKIMEKKQDHTYRVFKTVNRWADAYPFAQHFSEASVASKDVSVWCSNDYLGMSRHPQVLQATQETLQRHGAGAGGTRNISGTSKFHVELEQELAELHQKDSALLFSSCFVANDSTLFTLAKILPGCEIYSDAGNHASMIQGIRNSGAAKFVFRHNDPDHLKKLLEKSNPKIPKIVAFETVHSMDGAICPLEELCDVSHQYGALTFVDEVHAVGLYGSRGAGIGERDGIMHKIDIISGTLGKAFGCVGGYIASTRDLVDMVRSYAAGFIFTTSLPPMVLSGALESVRLLKGEEGQALRRAHQRNVKHMRQLLMDRGLPVIPCPSHIIPIRVGNAALNSKLCDLLLSKHGIYVQAINYPTVPRGEELLRLAPSPHHSPQMMEDFVEKLLLAWTAVGLPLQDVSVAACNFCRRPVHFELMSEWERSYFGNMGPQYVTTYA
Pyridoxal phosphate,DB00114,,,CC1=NC=C(COP(O)(O)=O)C(C=O)=C1O,Target,Protein,Humans,Cofactor,GPT2,Q8TD30,Homo sapiens,MQRAAALVRRGCGPRTPSSWGRSQSSAAAEASAVLKVRPERSRRERILTLESMNPQVKAVEYAVRGPIVLKAGEIELELQRGIKKPFTEVIRANIGDAQAMGQQPITFLRQVMALCTYPNLLDSPSFPEDAKKRARRILQACGGNSLGSYSASQGVNCIREDVAAYITRRDGGVPADPDNIYLTTGASDGISTILKILVSGGGKSRTGVMIPIPQYPLYSAVISELDAIQVNYYLDEENCWALNVNELRRAVQEAKDHCDPKVLCIINPGNPTGQVQSRKCIEDVIHFAWEEKLFLLADEVYQDNVYSPDCRFHSFKKVLYEMGPEYSSNVELASFHSTSKGYMGECGYRGGYMEVINLHPEIKGQLVKLLSVRLCPPVSGQAAMDIVVNPPVAGEESFEQFSREKESVLGNLAKKAKLTEDLFNQVPGIHCNPLQGAMYAFPRIFIPAKAVEAAQAHQMAPDMFYCMKLLEETGICVVPGSGFGQREGTYHFRMTILPPVEKLKTVLQKVKDFHINFLEKYA
Pyridoxal phosphate,DB00114,,,CC1=NC=C(COP(O)(O)=O)C(C=O)=C1O,Target,Protein,Humans,Cofactor,MOCOS,Q96EN8,Homo sapiens,MAGAAAESGRELWTFAGSRDPSAPRLAYGYGPGSLRELRAREFSRLAGTVYLDHAGATLFSQSQLESFTSDLMENTYGNPHSQNISSKLTHDTVEQVRYRILAHFHTTAEDYTVIFTAGSTAALKLVAEAFPWVSQGPESSGSRFCYLTDSHTSVVGMRNVTMAINVISTPVRPEDLWSAEERSASASNPDCQLPHLFCYPAQSNFSGVRYPLSWIEEVKSGRLHPVSTPGKWFVLLDAASYVSTSPLDLSAHQADFVPISFYKIFGFPTGLGALLVHNRAAPLLRKTYFGGGTASAYLAGEDFYIPRQSVAQRFEDGTISFLDVIALKHGFDTLERLTGGMENIKQHTFTLAQYTYVALSSLQYPNGAPVVRIYSDSEFSSPEVQGPIINFNVLDDKGNIIGYSQVDKMASLYNIHLRTGCFCNTGACQRHLGISNEMVRKHFQAGHVCGDNMDLIDGQPTGSVRISFGYMSTLDDVQAFLRFIIDTRLHSSGDWPVPQAHADTGETGAPSADSQADVIPAVMGRRSLSPQEDALTGSRVWNNSSTVNAVPVAPPVCDVARTQPTPSEKAAGVLEGALGPHVVTNLYLYPIKSCAAFEVTRWPVGNQGLLYDRSWMVVNHNGVCLSQKQEPRLCLIQPFIDLRQRIMVIKAKGMEPIEVPLEENSERTQIRQSRVCADRVSTYDCGEKISSWLSTFFGRPCHLIKQSSNSQRNAKKKHGKDQLPGTMATLSLVNEAQYLLINTSSILELHRQLNTSDENGKEELFSLKDLSLRFRANIIINGKRAFEEEKWDEISIGSLRFQVLGPCHRCQMICIDQQTGQRNQHVFQKLSESRETKVNFGMYLMHASLDLSSPCFLSVGSQVLPVLKENVEGHDLPASEKHQDVTS
Pyridoxal phosphate,DB00114,,,CC1=NC=C(COP(O)(O)=O)C(C=O)=C1O,Target,Protein,Humans,Cofactor,SDSL,Q96GA7,Homo sapiens,MDGPVAEHAKQEPFHVVTPLLESWALSQVAGMPVFLKCENVQPSGSFKIRGIGHFCQEMAKKGCRHLVCSSGGNAGIAAAYAARKLGIPATIVLPESTSLQVVQRLQGEGAEVQLTGKVWDEANLRAQELAKRDGWENVPPFDHPLIWKGHASLVQELKAVLRTPPGALVLAVGGGGLLAGVVAGLLEVGWQHVPIIAMETHGAHCFNAAITAGKLVTLPDITSVAKSLGAKTVAARALECMQVCKIHSEVVEDTEAVSAVQQLLDDERMLVEPACGAALAAIYSGLLRRLQAEGCLPPSLTSVVVIVCGGNNINSRELQALKTHLGQV
Pyridoxal phosphate,DB00114,,,CC1=NC=C(COP(O)(O)=O)C(C=O)=C1O,Target,Protein,Humans,Cofactor,Not Available,Q9BXA1,Homo sapiens,SNLPPRIMAAGGLQMIGSMSKDMYQIMDEIKEGIQYVFQTRNPLTLVISGSGHCALEAALVNVLEPGDSFLVGANGIWGQRAVDIGERIGARVHPMTKDPGGHYTLQEVEEGLAQHKPVLLFLTHGESSTGVLQPLDGFGELCHRYKCLLLVDSVASLGGTPLYMDRQGIDILYSGSQKALNAPPGTSLIFFSDKAKKKMYSRKTKPFSFYLDIKWLANFWGCDDQPRMYHHTIPVISLYSLRESLALIAEQGLENSWRQHREAAAYLHGRLQALGLQLFVKDPALRLPTVTTVAVPAGYDWRDIVSYVIDHFDIEIMGGLGPSTGKVLRIGLLGCNATRENVDRVTEALRAALQHCKANL
Pyridoxal phosphate,DB00114,,,CC1=NC=C(COP(O)(O)=O)C(C=O)=C1O,Target,Protein,Humans,Cofactor,SRR,Q9GZT4,Homo sapiens,MCAQYCISFADVEKAHINIRDSIHLTPVLTSSILNQLTGRNLFFKCELFQKTGSFKIRGALNAVRSLVPDALERKPKAVVTHSSGNHGQALTYAAKLEGIPAYIVVPQTAPDCKKLAIQAYGASIVYCEPSDESRENVAKRVTEETEGIMVHPNQEPAVIAGQGTIALEVLNQVPLVDALVVPVGGGGMLAGIAITVKALKPSVKVYAAEPSNADDCYQSKLKGKLMPNLYPPETIADGVKSSIGLNTWPIIRDLVDDIFTVTEDEIKCATQLVWERMKLLIEPTAGVGVAAVLSQHFQTVSPEVKNICIVLSGGNVDLTSSITWVKQAERPASYQSVSV
Pyridoxal phosphate,DB00114,,,CC1=NC=C(COP(O)(O)=O)C(C=O)=C1O,Target,Protein,Humans,Cofactor,SEPSECS,Q9HD40,Homo sapiens,MNRESFAAGERLVSPAYVRQGCEARRSHEHLIRLLLEKGKCPENGWDESTLELFLHELAIMDSNNFLGNCGVGEREGRVASALVARRHYRFIHGIGRSGDISAVQPKAAGSSLLNKITNSLVLDIIKLAGVHTVANCFVVPMATGMSLTLCFLTLRHKRPKAKYIIWPRIDQKSCFKSMITAGFEPVVIENVLEGDELRTDLKAVEAKVQELGPDCILCIHSTTSCFAPRVPDRLEELAVICANYDIPHIVNNAYGVQSSKCMHLIQQGARVGRIDAFVQSLDKNFMVPVGGAIIAGFNDSFIQEISKMYPGRASASPSLDVLITLLSLGSNGYKKLLKERKEMFSYLSNQIKKLSEAYNERLLHTPHNPISLAMTLKTLDEHRDKAVTQLGSMLFTRQVSGARVVPLGSMQTVSGYTFRGFMSHTNNYPCAYLNAASAIGMKMQDVDLFIKRLDRCLKAVRKERSKESDDNYDKTEDVDIEEMALKLDNVLLDTYQDASS
Pyridoxal phosphate,DB00114,,,CC1=NC=C(COP(O)(O)=O)C(C=O)=C1O,Target,Protein,Humans,Cofactor,SPTLC3,Q9NUV7,Homo sapiens,MANPGGGAVCNGKLHNHKKQSNGSQSRNCTKNGIVKEAQQNGKPHFYDKLIVESFEEAPLHVMVFTYMGYGIGTLFGYLRDFLRNWGIEKCNAAVERKEQKDFVPLYQDFENFYTRNLYMRIRDNWNRPICSAPGPLFDLMERVSDDYNWTFRFTGRVIKDVINMGSYNFLGLAAKYDESMRTIKDVLEVYGTGVASTRHEMGTLDKHKELEDLVAKFLNVEAAMVFGMGFATNSMNIPALVGKGCLILSDELNHTSLVLGARLSGATIRIFKHNNTQSLEKLLRDAVIYGQPRTRRAWKKILILVEGVYSMEGSIVHLPQIIALKKKYKAYLYIDEAHSIGAVGPTGRGVTEFFGLDPHEVDVLMGTFTKSFGASGGYIAGRKDLVDYLRVHSHSAVYASSMSPPIAEQIIRSLKLIMGLDGTTQGLQRVQQLAKNTRYFRQRLQEMGFIIYGNENASVVPLLLYMPGKVAAFARHMLEKKIGVVVVGFPATPLAEARARFCVSAAHTREMLDTVLEALDEMGDLLQLKYSRHKKSARPELYDETSFELED
Pyridoxal phosphate,DB00114,,,CC1=NC=C(COP(O)(O)=O)C(C=O)=C1O,Target,Protein,Humans,Cofactor,GAD65,Q9UGI5,Homo sapiens,LKYAIKTGHPRYFNQLSTGLDMVGLAADWLTSTANTNMFTYEIAPVFVLLEYVTLKKMREIIGWPGGSGDGIFSPGGAISNMYAMMIARFKMFPEVKEKGMAALPRLIAFTSEHSHFSLKKGAAALGIGTDSVILIKCDERGKMIPSDLERRILEAKQKGFVPFLVSATAGTTVYGAFDPLLAVADICKKYKIWMHVDAAWGGGLLMSRKHKWKLSGVERANSVTWNPHKMMGVPLQCSALLVREEGLMQNCNQMHASYLFQQDKHYDLSYDTGDKALQCGRHVDVFKLWLMWRAKGTTGFEAHVDKCLELAEYLYNIIKNREGYEMVFDGKPQHTNVCFWYIPPSLRTLEDNEERMSRLSKVAPVIKARMMEYGTTMVSYQPLGDKVNFFRMVISNPAATHQDIDFLIEEIERLGQDL
Pyridoxal phosphate,DB00114,,,CC1=NC=C(COP(O)(O)=O)C(C=O)=C1O,Target,Protein,Humans,Cofactor,TLH6,Q9UJX1,Homo sapiens,MALRGPGLERPPLTCPELRQEQCCGGCQVGGAGPERRGGLGASTLSPGPDPLQPCVAQQPFPSLPSPLPLQGTLHSSPPGATGRPPLCLSEPSSVSPRPRCFLLPWGSPRPCPRQSQTGGSRGSPAPRPAESGSSSRTTEGGASCPPHPCHCPPAPSPTQGLENSWRQHREAAAYLHGRLQALGLQLFVKDPALRLPTVTTVAVPAGYDWRDIVSYVIDHFDIEIMGGLGPSTGKVLRIGLLGCNATRENVDRVTEALRAALQHCPKKKL
Cyanocobalamin,DB00115,,,C[C@H](CNC(=O)CC[C@]1(C)[C@@H](CC(N)=O)[C@H]2N=C1\C(C)=C1/N=C(/C=C3\N=C(\C(\C)=C4\[C@@H](CCC(N)=O)[C@](C)(CC(N)=O)[C@@]2(C)N4[Co+]C#N)[C@@](C)(CC(N)=O)[C@@H]3CCC(N)=O)C(C)(C)[C@@H]1CCC(N)=O)OP([O-])(=O)O[C@@H]1[C@@H](CO)O[C@@H]([C@@H]1O)N1C=NC2=C1C=C(C)C(C)=C2,Target,Protein,Humans,Cofactor,MTR,Q99707,Homo sapiens,MSPALQDLSQPEGLKKTLRDEINAILQKRIMVLDGGMGTMIQREKLNEEHFRGQEFKDHARPLKGNNDILSITQPDVIYQIHKEYLLAGADIIETNTFSSTSIAQADYGLEHLAYRMNMCSAGVARKAAEEVTLQTGIKRFVAGALGPTNKTLSVSPSVERPDYRNITFDELVEAYQEQAKGLLDGGVDILLIETIFDTANAKAALFALQNLFEEKYAPRPIFISGTIVDKSGRTLSGQTGEGFVISVSHGEPLCIGLNCALGAAEMRPFIEIIGKCTTAYVLCYPNAGLPNTFGDYDETPSMMAKHLKDFAMDGLVNIVGGCCGSTPDHIREIAEAVKNCKPRVPPATAFEGHMLLSGLEPFRIGPYTNFVNIGERCNVAGSRKFAKLIMAGNYEEALCVAKVQVEMGAQVLDVNMDDGMLDGPSAMTRFCNLIASEPDIAKVPLCIDSSNFAVIEAGLKCCQGKCIVNSISLKEGEDDFLEKARKIKKYGAAMVVMAFDEEGQATETDTKIRVCTRAYHLLVKKLGFNPNDIIFDPNILTIGTGMEEHNLYAINFIHATKVIKETLPGARISGGLSNLSFSFRGMEAIREAMHGVFLYHAIKSGMDMGIVNAGNLPVYDDIHKELLQLCEDLIWNKDPEATEKLLRYAQTQGTGGKKVIQTDEWRNGPVEERLEYALVKGIEKHIIEDTEEARLNQKKYPRPLNIIEGPLMNGMKIVGDLFGAGKMFLPQVIKSARVMKKAVGHLIPFMEKEREETRVLNGTVEEEDPYQGTIVLATVKGDVHDIGKNIVGVVLGCNNFRVIDLGVMTPCDKILKAALDHKADIIGLSGLITPSLDEMIFVAKEMERLAIRIPLLIGGATTSKTHTAVKIAPRYSAPVIHVLDASKSVVVCSQLLDENLKDEYFEEIMEEYEDIRQDHYESLKERRYLPLSQARKSGFQMDWLSEPHPVKPTFIGTQVFEDYDLQKLVDYIDWKPFFDVWQLRGKYPNRGFPKIFNDKTVGGEARKVYDDAHNMLNTLISQKKLRARGVVGFWPAQSIQDDIHLYAEAAVPQAAEPIATFYGLRQQAEKDSASTEPYYCLSDFIAPLHSGIRDYLGLFAVACFGVEELSKAYEDDGDDYSSIMVKALGDRLAEAFAEELHERVRRELWAYCGSEQLDVADLRRLRYKGIRPAPGYPSQPDHTEKLTMWRLADIEQSTGIRLTESLAMAPASAVSGLYFSNLKSKYFAVGKISKDQVEDYALRKNISVAEVEKWLGPILGYDTD
Cyanocobalamin,DB00115,,,C[C@H](CNC(=O)CC[C@]1(C)[C@@H](CC(N)=O)[C@H]2N=C1\C(C)=C1/N=C(/C=C3\N=C(\C(\C)=C4\[C@@H](CCC(N)=O)[C@](C)(CC(N)=O)[C@@]2(C)N4[Co+]C#N)[C@@](C)(CC(N)=O)[C@@H]3CCC(N)=O)C(C)(C)[C@@H]1CCC(N)=O)OP([O-])(=O)O[C@@H]1[C@@H](CO)O[C@@H]([C@@H]1O)N1C=NC2=C1C=C(C)C(C)=C2,Target,Protein,Humans,Cofactor,MUT,P22033,Homo sapiens,MLRAKNQLFLLSPHYLRQVKESSGSRLIQQRLLHQQQPLHPEWAALAKKQLKGKNPEDLIWHTPEGISIKPLYSKRDTMDLPEELPGVKPFTRGPYPTMYTFRPWTIRQYAGFSTVEESNKFYKDNIKAGQQGLSVAFDLATHRGYDSDNPRVRGDVGMAGVAIDTVEDTKILFDGIPLEKMSVSMTMNGAVIPVLANFIVTGEEQGVPKEKLTGTIQNDILKEFMVRNTYIFPPEPSMKIIADIFEYTAKHMPKFNSISISGYHMQEAGADAILELAYTLADGLEYSRTGLQAGLTIDEFAPRLSFFWGIGMNFYMEIAKMRAGRRLWAHLIEKMFQPKNSKSLLLRAHCQTSGWSLTEQDPYNNIVRTAIEAMAAVFGGTQSLHTNSFDEALGLPTVKSARIARNTQIIIQEESGIPKVADPWGGSYMMECLTNDVYDAALKLINEIEEMGGMAKAVAEGIPKLRIEECAARRQARIDSGSEVIVGVNKYQLEKEDAVEVLAIDNTSVRNRQIEKLKKIKSSRDQALAERCLAALTECAASGDGNILALAVDASRARCTVGEITDALKKVFGEHKANDRMVSGAYRQEFGESKEITSAIKRVHKFMEREGRRPRLLVAKMGQDGHDRGAKVIATGFADLGFDVDIGPLFQTPREVAQQAVDADVHAVGISTLAAGHKTLVPELIKELNSLGRPDILVMCGGVIPPQDYEFLFEVGVSNVFGPGTRIPKAAVQVLDDIEKCLEKKQQSV
Cyanocobalamin,DB00115,,,C[C@H](CNC(=O)CC[C@]1(C)[C@@H](CC(N)=O)[C@H]2N=C1\C(C)=C1/N=C(/C=C3\N=C(\C(\C)=C4\[C@@H](CCC(N)=O)[C@](C)(CC(N)=O)[C@@]2(C)N4[Co+]C#N)[C@@](C)(CC(N)=O)[C@@H]3CCC(N)=O)C(C)(C)[C@@H]1CCC(N)=O)OP([O-])(=O)O[C@@H]1[C@@H](CO)O[C@@H]([C@@H]1O)N1C=NC2=C1C=C(C)C(C)=C2,Target,Protein,Humans,Cofactor,MTRR,Q9UBK8,Homo sapiens,MRRFLLLYATQQGQAKAIAEEICEQAVVHGFSADLHCISESDKYDLKTETAPLVVVVSTTGTGDPPDTARKFVKEIQNQTLPVDFFAHLRYGLLGLGDSEYTYFCNGGKIIDKRLQELGARHFYDTGHADDCVGLELVVEPWIAGLWPALRKHFRSSRGQEEISGALPVASPASSRTDLVKSELLHIESQVELLRFDDSGRKDSEVLKQNAVNSNQSNVVIEDFESSLTRSVPPLSQASLNIPGLPPEYLQVHLQESLGQEESQVSVTSADPVFQVPISKAVQLTTNDAIKTTLLVELDISNTDFSYQPGDAFSVICPNSDSEVQSLLQRLQLEDKREHCVLLKIKADTKKKGATLPQHIPAGCSLQFIFTWCLEIRAIPKKAFLRALVDYTSDSAEKRRLQELCSKQGAADYSRFVRDACACLLDLLLAFPSCQPPLSLLLEHLPKLQPRPYSCASSSLFHPGKLHFVFNIVEFLSTATTEVLRKGVCTGWLALLVASVLQPNIHASHEDSGKALAPKISISPRTTNSFHLPDDPSIPIIMVGPGTGIAPFIGFLQHREKLQEQHPDGNFGAMWLFFGCRHKDRDYLFRKELRHFLKHGILTHLKVSFSRDAPVGEEEAPAKYVQDNIQLHGQQVARILLQENGHIYVCGDAKNMAKDVHDALVQIISKEVGVEKLEAMKTLATLKEEKRYLQDIWS
Cyanocobalamin,DB00115,,,C[C@H](CNC(=O)CC[C@]1(C)[C@@H](CC(N)=O)[C@H]2N=C1\C(C)=C1/N=C(/C=C3\N=C(\C(\C)=C4\[C@@H](CCC(N)=O)[C@](C)(CC(N)=O)[C@@]2(C)N4[Co+]C#N)[C@@](C)(CC(N)=O)[C@@H]3CCC(N)=O)C(C)(C)[C@@H]1CCC(N)=O)OP([O-])(=O)O[C@@H]1[C@@H](CO)O[C@@H]([C@@H]1O)N1C=NC2=C1C=C(C)C(C)=C2,Target,Protein,Humans,Binder,MMAA,Q8IVH4,Homo sapiens,MPMLLPHPHQHFLKGLLRAPFRCYHFIFHSSTHLGSGIPCAQPFNSLGLHCTKWMLLSDGLKRKLCVQTTLKDHTEGLSDKEQRFVDKLYTGLIQGQRACLAEAITLVESTHSRKKELAQVLLQKVLLYHREQEQSNKGKPLAFRVGLSGPPGAGKSTFIEYFGKMLTERGHKLSVLAVDPSSCTSGGSLLGDKTRMTELSRDMNAYIRPSPTRGTLGGVTRTTNEAILLCEGAGYDIILIETVGVGQSEFAVADMVDMFVLLLPPAGGDELQGIKRGIIEMADLVAVTKSDGDLIVPARRIQAEYVSALKLLRKRSQVWKPKVIRISARSGEGISEMWDKMKDFQDLMLASGELTAKRRKQQKVWMWNLIQESVLEHFRTHPTVREQIPLLEQKVLIGALSPGLAADFLLKAFKSRD
Cyanocobalamin,DB00115,,,C[C@H](CNC(=O)CC[C@]1(C)[C@@H](CC(N)=O)[C@H]2N=C1\C(C)=C1/N=C(/C=C3\N=C(\C(\C)=C4\[C@@H](CCC(N)=O)[C@](C)(CC(N)=O)[C@@]2(C)N4[Co+]C#N)[C@@](C)(CC(N)=O)[C@@H]3CCC(N)=O)C(C)(C)[C@@H]1CCC(N)=O)OP([O-])(=O)O[C@@H]1[C@@H](CO)O[C@@H]([C@@H]1O)N1C=NC2=C1C=C(C)C(C)=C2,Target,Protein,Humans,Cofactor,MMACHC,Q9Y4U1,Homo sapiens,MEPKVAELKQKIEDTLCPFGFEVYPFQVAWYNELLPPAFHLPLPGPTLAFLVLSTPAMFDRALKPFLQSCHLRMLTDPVDQCVAYHLGRVRESLPELQIEIIADYEVHPNRRPKILAQTAAHVAGAAYYYQRQDVEADPWGNQRISGVCIHPRFGGWFAIRGVVLLPGIEVPDLPPRKPHDCVPTRADRIALLEGFNFHWRDWTYRDAVTPQERYSEEQKAYFSTPPAQRLALLGLAQPSEKPSSPSPDLPFTTPAPKKPGNPSRARSWLSPRVSPPASPGP
Cyanocobalamin,DB00115,,,C[C@H](CNC(=O)CC[C@]1(C)[C@@H](CC(N)=O)[C@H]2N=C1\C(C)=C1/N=C(/C=C3\N=C(\C(\C)=C4\[C@@H](CCC(N)=O)[C@](C)(CC(N)=O)[C@@]2(C)N4[Co+]C#N)[C@@](C)(CC(N)=O)[C@@H]3CCC(N)=O)C(C)(C)[C@@H]1CCC(N)=O)OP([O-])(=O)O[C@@H]1[C@@H](CO)O[C@@H]([C@@H]1O)N1C=NC2=C1C=C(C)C(C)=C2,Target,Protein,Humans,Cofactor,MTHFR,P42898,Homo sapiens,MVNEARGNSSLNPCLEGSASSGSESSKDSSRCSTPGLDPERHERLREKMRRRLESGDKWFSLEFFPPRTAEGAVNLISRFDRMAAGGPLYIDVTWHPAGDPGSDKETSSMMIASTAVNYCGLETILHMTCCRQRLEEITGHLHKAKQLGLKNIMALRGDPIGDQWEEEEGGFNYAVDLVKHIRSEFGDYFDICVAGYPKGHPEAGSFEADLKHLKEKVSAGADFIITQLFFEADTFFRFVKACTDMGITCPIVPGIFPIQGYHSLRQLVKLSKLEVPQEIKDVIEPIKDNDAAIRNYGIELAVSLCQELLASGLVPGLHFYTLNREMATTEVLKRLGMWTEDPRRPLPWALSAHPKRREEDVRPIFWASRPKSYIYRTQEWDEFPNGRWGNSSSPAFGELKDYYLFYLKSKSPKEELLKMWGEELTSEESVFEVFVLYLSGEPNRNGHKVTCLPWNDEPLAAETSLLKEELLRVNRQGILTINSQPNINGKPSSDPIVGWGPSGGYVFQKAYLEFFTSRETAEALLQVLKKYELRVNYHLVNVKGENITNAPELQPNAVTWGIFPGREIIQPTVVDPVSFMFWKDEAFALWIERWGKLYEEESPSRTIIQYIHDNYFLVNLVDNDFPLDNCLWQVVEDTLELLNRPTQNARETEAP
Cyanocobalamin,DB00115,,,C[C@H](CNC(=O)CC[C@]1(C)[C@@H](CC(N)=O)[C@H]2N=C1\C(C)=C1/N=C(/C=C3\N=C(\C(\C)=C4\[C@@H](CCC(N)=O)[C@](C)(CC(N)=O)[C@@]2(C)N4[Co+]C#N)[C@@](C)(CC(N)=O)[C@@H]3CCC(N)=O)C(C)(C)[C@@H]1CCC(N)=O)OP([O-])(=O)O[C@@H]1[C@@H](CO)O[C@@H]([C@@H]1O)N1C=NC2=C1C=C(C)C(C)=C2,Enzyme,Protein,Humans,Substrate,MMAB,Q96EY8,Homo sapiens,MAVCGLGSRLGLGSRLGLRGCFGAARLLYPRFQSRGPQGVEDGDRPQPSSKTPRIPKIYTKTGDKGFSSTFTGERRPKDDQVFEAVGTTDELSSAIGFALELVTEKGHTFAEELQKIQCTLQDVGSALATPCSSAREAHLKYTTFKAGPILELEQWIDKYTSQLPPLTAFILPSGGKISSALHFCRAVCRRAERRVVPLVQMGETDANVAKFLNRLSDYLFTLARYAAMKEGNQEKIYMKNDPSAESEGL
Cyanocobalamin,DB00115,,,C[C@H](CNC(=O)CC[C@]1(C)[C@@H](CC(N)=O)[C@H]2N=C1\C(C)=C1/N=C(/C=C3\N=C(\C(\C)=C4\[C@@H](CCC(N)=O)[C@](C)(CC(N)=O)[C@@]2(C)N4[Co+]C#N)[C@@](C)(CC(N)=O)[C@@H]3CCC(N)=O)C(C)(C)[C@@H]1CCC(N)=O)OP([O-])(=O)O[C@@H]1[C@@H](CO)O[C@@H]([C@@H]1O)N1C=NC2=C1C=C(C)C(C)=C2,Transporters,Protein,Humans,Substrate,AMN,Q9BXJ7,Homo sapiens,MGVLGRVLLWLQLCALTQAVSKLWVPNTDFDVAANWSQNRTPCAGGAVEFPADKMVSVLVQEGHAVSDMLLPLDGELVLASGAGFGVSDVGSHLDCGAGEPAVFRDSDRFSWHDPHLWRSGDEAPGLFFVDAERVPCRHDDVFFPPSASFRVGLGPGASPVRVRSISALGRTFTRDEDLAVFLASRAGRLRFHGPGALSVGPEDCADPSGCVCGNAEAQPWICAALLQPLGGRCPQAACHSALRPQGQCCDLCGAVVLLTHGPAFDLERYRARILDTFLGLPQYHGLQVAVSKVPRSSRLREADTEIQVVLVENGPETGGAGRLARALLADVAENGEALGVLEATMRESGAHVWGSSAAGLAGGVAAAVLLALLVLLVAPPLLRRAGRLRWRRHEAAAPAGAPLGFRNPVFDVTASEELPLPRRLSLVPKAAADSTSHSYFVNPLFAGAEAEA
